#include "camera_server.h"
#include "camera_capture.h"
#include "health_monitor.h"
#include "esp_http_server.h"
#include "ws_log.h"
#include "esp_camera.h"
#include "esp_timer.h"
#include "esp_task_wdt.h"
#include <WiFi.h>
#include <WiFiUdp.h>
#include "ArduinoJson.h"
#include "config.h"
#include "ir_control.h"
#include <freertos/FreeRTOS.h>
#include <freertos/semphr.h>
#ifdef INCLUDE_AUDIO
#include "audio_handler.h"
#endif
#include "motion_detection.h"
#ifdef INCLUDE_PERSON_DETECT
#include "person_detection.h"
#endif
#include "SD.h"
#include "SPI.h"
#include "FS.h"
#include <lwip/sockets.h> // Pro setsockopt (SO_SNDTIMEO)
#include "ESP32-RTSPServer.h"
#include "camera_capture.h"
#include "mbedtls/base64.h" // For Base64 decoding (HTTP Basic Auth)
#include <Update.h>          // HTTP OTA firmware update
#ifdef INCLUDE_SD_RECORDING
#include "avi_writer.h"      // AVI recording (MJPEG + PCM audio)
#include "event_log.h"
#include "zone_manager.h"
#endif
#include "board_config.h"    // I2S_SAMPLE_RATE

// ESP32-RTSPServer library (generic, works with any camera via esp_camera)
// #include "ESP32_RTSP.h"  // DISABLED - library not available

// Extern config from main.cpp
extern Config config;
extern const char* getCameraProfileString();
#include "sd_logger.h"
extern bool saveConfig();

extern volatile uint8_t g_personLastDecision;  // 0=NONE 1=UNCERTAIN 2=CONFIDENT
#ifdef INCLUDE_TELEGRAM
extern uint32_t getTelegramQueueDepth();
extern uint32_t getTelegramDropCount();
extern uint32_t getTelegramSentCount();
extern uint32_t getTelegramFailCount();
extern bool isTelegramUploadInProgress();
extern bool isTelegramQueueReady();
extern bool isTelegramTaskReady();
#endif
extern void saveCredentialsToNVS();
extern bool captive_portal_active;

httpd_handle_t camera_httpd = NULL;
httpd_handle_t stream_httpd = NULL;
httpd_handle_t audio_httpd = NULL;

// RTSP Server globals
RTSPServer rtspServer; // Global instance

// Recording Globals
bool is_recording = false;
File recordingFile;
SemaphoreHandle_t recordingMutex = NULL;
AviWriter aviWriter;
char lastRecordingFilename[64] = {0}; // Filled by startSDRecording, read by motionTask

// Forward declarations for recording functions
bool startSDRecording();
void stopSDRecording();

// SD failure tracking — disables auto-record after 3 consecutive open failures
static int  sd_consecutive_failures  = 0;
static bool sd_disabled_this_session = false;

#ifdef INCLUDE_TELEGRAM
extern void sendTelegramNotification(const String& message);
#else
static inline void sendTelegramNotification(const String&) {}
#endif

// UDP Remote Logging (debug only — build with -DUDP_LOG_IP=\"x.x.x.x\" to override)
WiFiUDP udpLog;
#ifndef UDP_LOG_IP
#define UDP_LOG_IP "127.0.0.1"
#endif
const char* RASPBERRY_PI_IP = UDP_LOG_IP;
const int UDP_LOG_PORT = 5000;
bool udp_logging_enabled = false;  // Disabled; never enable on untrusted networks
static SemaphoreHandle_t udp_mutex = NULL; // Mutex for thread-safe logging
static SemaphoreHandle_t settings_mutex = NULL; // Mutex for thread-safe settings access

// Send log over UDP to Raspberry Pi with error handling
void send_udp_log(const char* level, const char* message) {
    if (!udp_logging_enabled || WiFi.status() != WL_CONNECTED) {
        return;  // Skip if no WiFi or logging is off
    }

    // Mutex is created in startCameraServer(), skip if not ready yet
    if (udp_mutex == NULL) return;

    char log_message[512];
    unsigned long uptime_ms = millis();

    // Format: [ESP32][uptime][level] message
    int written = snprintf(log_message, sizeof(log_message), "[ESP32][%lu][%s] %s", uptime_ms, level, message);

    // Check buffer overflow
    if (written >= sizeof(log_message)) {
        Serial.println("⚠️ UDP log message truncated!");
        log_message[sizeof(log_message) - 1] = '\0';  // Ensure null termination
    }

    if (udp_mutex && xSemaphoreTake(udp_mutex, pdMS_TO_TICKS(10))) {
        udpLog.beginPacket(RASPBERRY_PI_IP, UDP_LOG_PORT);
        udpLog.write((const uint8_t*)log_message, strlen(log_message));

        // Check if packet was sent successfully
        if (!udpLog.endPacket()) {
            static unsigned long last_error_log = 0;
            if (millis() - last_error_log > 10000) {  // Log error max every 10s
                Serial.println("⚠️ Failed to send UDP log packet");
                last_error_log = millis();
            }
        }
        xSemaphoreGive(udp_mutex);
    }
}

// HTTP Basic Auth helper
// In LAB_MODE: always returns ESP_OK (no auth check)
// In production: validates Authorization header against config.http_user:config.http_pass
static esp_err_t check_basic_auth(httpd_req_t *req) {
#if LAB_MODE
    return ESP_OK;  // No auth in lab mode
#else
    char auth_header[256] = {0};
    esp_err_t err = httpd_req_get_hdr_value_str(req, "Authorization", auth_header, sizeof(auth_header));

    if (err != ESP_OK) {
        httpd_resp_set_status(req, "401 Unauthorized");
        httpd_resp_set_type(req, "application/json");
        httpd_resp_send(req, "{\"success\":false,\"message\":\"Authentication required\"}", HTTPD_RESP_USE_STRLEN);
        return ESP_FAIL;
    }

    // Expect "Basic <base64>"
    if (strncmp(auth_header, "Basic ", 6) != 0) {
        httpd_resp_set_status(req, "401 Unauthorized");
        httpd_resp_set_type(req, "application/json");
        httpd_resp_send(req, "{\"success\":false,\"message\":\"Invalid auth scheme\"}", HTTPD_RESP_USE_STRLEN);
        return ESP_FAIL;
    }

    const char* b64_creds = auth_header + 6;
    unsigned char decoded[128];
    size_t decoded_len = 0;
    int ret = mbedtls_base64_decode(decoded, sizeof(decoded) - 1, &decoded_len,
                                     (const unsigned char*)b64_creds, strlen(b64_creds));
    if (ret != 0) {
        httpd_resp_set_status(req, "401 Unauthorized");
        httpd_resp_set_type(req, "application/json");
        httpd_resp_send(req, "{\"success\":false,\"message\":\"Invalid credentials\"}", HTTPD_RESP_USE_STRLEN);
        return ESP_FAIL;
    }
    decoded[decoded_len] = '\0';

    // Build expected "user:pass"
    String expected = config.http_user + ":" + config.http_pass;
    if (expected.equals((const char*)decoded)) {
        return ESP_OK;
    }

    httpd_resp_set_status(req, "401 Unauthorized");
    httpd_resp_set_type(req, "application/json");
    httpd_resp_send(req, "{\"success\":false,\"message\":\"Invalid credentials\"}", HTTPD_RESP_USE_STRLEN);
    return ESP_FAIL;
#endif
}

// MJPEG stream boundary
#define PART_BOUNDARY "123456789000000000000987654321"
static const char* _STREAM_CONTENT_TYPE = "multipart/x-mixed-replace;boundary=" PART_BOUNDARY;
static const char* _STREAM_BOUNDARY = "\r\n--" PART_BOUNDARY "\r\n";
static const char* _STREAM_PART = "Content-Type: image/jpeg\r\nContent-Length: %u\r\n\r\n";

// HTML GUI — dark dashboard theme (auto-generated, do not edit manually)
// INDEX_HTML gzipped: 20369 -> 4601 bytes
const uint8_t INDEX_HTML_GZ[] PROGMEM = {
    0x1f,0x8b,0x08,0x00,0xbe,0x82,0xfd,0x69,0x02,0xff,0xd5,0x5c,0x6b,0x72,0xdb,0x48,
    0x92,0xfe,0xef,0x53,0xc0,0xec,0xe8,0x01,0xb9,0x26,0x28,0x90,0x14,0x65,0x35,0x24,
    0x52,0xe3,0x87,0x3c,0xeb,0x99,0xb6,0xad,0xb0,0xd4,0xbd,0xd1,0xed,0x70,0x30,0x8a,
    0x40,0x81,0xac,0x16,0x08,0x60,0x80,0xa2,0x1e,0x4d,0xeb,0x08,0x7b,0x80,0x8d,0xfd,
    0xd5,0x07,0xe8,0x88,0xbd,0xc0,0xcc,0x8f,0xf1,0xf4,0xbd,0x36,0xab,0x0a,0x00,0xab,
    0x80,0x02,0x44,0xc9,0x9a,0xd9,0x1d,0xf9,0x41,0x3c,0xb2,0x32,0xb3,0x32,0xb3,0xbe,
    0xcc,0x2c,0x80,0x7a,0x74,0xf8,0xf8,0xe5,0xbb,0x17,0x67,0x3f,0x9c,0x1c,0x1b,0x0b,
    0xba,0x0c,0x26,0x8f,0x0e,0xd9,0x87,0x11,0xa0,0x70,0x3e,0x6e,0xe1,0xb0,0xc5,0x2e,
    0x60,0xe4,0x4d,0x1e,0x19,0xf0,0x73,0xb8,0xc4,0x14,0x19,0xee,0x02,0x25,0x29,0xa6,
    0xe3,0xd6,0x77,0x67,0xaf,0xac,0xfd,0x56,0x76,0x8b,0x12,0x1a,0xe0,0xc9,0xf1,0xe9,
    0xc9,0x70,0x60,0x9d,0x0e,0x8d,0x17,0x68,0x89,0x13,0x74,0xb8,0x23,0x2e,0x4b,0xa3,
    0x43,0xb8,0x31,0x6e,0x5d,0x10,0x7c,0x19,0x47,0x09,0x6d,0x19,0x6e,0x14,0x52,0x1c,
    0x02,0xb7,0x4b,0xe2,0xd1,0xc5,0xd8,0xc3,0x17,0xc4,0xc5,0x16,0x3f,0xe9,0x1a,0x24,
    0x24,0x94,0xa0,0xc0,0x4a,0x5d,0x14,0xe0,0x71,0x3f,0x97,0x95,0xd2,0xeb,0x9c,0x29,
    0xfb,0xf9,0xb7,0xf5,0x12,0x25,0x73,0x12,0x3a,0xf6,0x41,0x8c,0x3c,0x8f,0x84,0x73,
    0x38,0x9a,0x45,0x57,0x56,0x4a,0x7e,0x66,0x27,0xb3,0x28,0xf1,0x70,0x62,0xc1,0x95,
    0x9b,0x62,0xcc,0x2c,0xf2,0xae,0xd7,0xc5,0x19,0xfb,0xf1,0x41,0x11,0xcb,0x47,0x4b,
    0x12,0x5c,0x3b,0xe6,0x6b,0x50,0x2a,0x31,0xbb,0xe9,0x75,0x4a,0xf1,0xd2,0x5a,0x91,
    0xae,0x85,0xe2,0x38,0xc0,0x96,0xb8,0xd0,0x4d,0x51,0x98,0x5a,0x29,0x4e,0x88,0x7f,
    0xa0,0xf0,0x98,0x21,0xf7,0x7c,0x9e,0x44,0xab,0xd0,0x73,0xbe,0xb2,0x7d,0xdb,0x1f,
    0x0c,0xd5,0xfb,0x6e,0x14,0x44,0x89,0xf3,0x15,0xb6,0xd9,0x1f,0xf5,0xd6,0x92,0x84,
    0xd6,0x02,0x93,0xf9,0x82,0x3a,0x7d,0xdb,0xbe,0x58,0xa8,0x77,0x3d,0x92,0xc6,0x01,
    0xba,0x76,0xfc,0x00,0x5f,0xa9,0x77,0x7e,0x5a,0xa5,0x94,0xf8,0xd7,0x56,0x66,0x47,
    0xc7,0xc5,0x4c,0x75,0x95,0x06,0x05,0x64,0x1e,0x5a,0x04,0x34,0x4f,0x39,0x07,0x2b,
    0xa5,0x28,0xa1,0x2a,0x4d,0x6e,0xb9,0xc1,0x6e,0x7c,0x65,0xf4,0xf7,0x62,0x49,0xcc,
    0xc6,0x6a,0x3d,0x0f,0xa5,0x0b,0xb0,0xf6,0x95,0x70,0x90,0xf3,0x74,0xcf,0x06,0x42,
    0x71,0x0c,0x5a,0x7f,0x2d,0x51,0xb2,0xa8,0xc1,0xc9,0x9a,0xe2,0x2b,0x6a,0x71,0xf9,
    0xb9,0x66,0xc2,0x57,0xe0,0x0d,0x4a,0xa3,0x25,0x17,0x77,0x10,0x47,0x29,0xf8,0x39,
    0x0a,0x9d,0x04,0x07,0x88,0x92,0x0b,0x5c,0xe1,0x63,0x2c,0xfa,0x6b,0xee,0x20,0x70,
    0x29,0x76,0xfa,0xbd,0x3d,0xbc,0x3c,0xe0,0xe7,0x97,0xc2,0x64,0x4f,0x6d,0xfb,0x20,
    0x33,0xae,0xef,0xfb,0x07,0x01,0xa6,0x20,0xca,0x4a,0x63,0xe4,0xb2,0x39,0x59,0x3d,
    0x7b,0x80,0x97,0x12,0x53,0x98,0x3f,0x5d,0xa5,0xd6,0x0c,0x79,0x73,0xbc,0xd6,0x1a,
    0x9a,0x84,0x01,0x09,0xb1,0xc5,0xed,0x2d,0x9b,0x2f,0x9b,0xc4,0x1c,0xc5,0x8e,0x62,
    0x23,0xee,0x42,0x31,0x33,0x1a,0xc5,0xce,0x3e,0x9b,0x55,0x66,0x51,0x6e,0xd0,0xdd,
    0x32,0xb1,0x14,0x2a,0xc9,0x7c,0x86,0xda,0x76,0x77,0xd0,0x1f,0x74,0x07,0xa3,0x51,
    0xb7,0xd7,0xef,0x1c,0x88,0x90,0x75,0xfa,0x30,0x34,0x8d,0x02,0xe2,0x19,0x65,0x9a,
    0xc1,0xa8,0x53,0xe2,0x27,0x82,0x3c,0x41,0x1e,0x59,0xa5,0xce,0x80,0xf9,0x65,0x63,
    0xb0,0xde,0x3e,0xd8,0x2b,0xb3,0x8f,0x6d,0x7b,0xbb,0xbe,0xaf,0xf5,0x6e,0x66,0x16,
    0x2f,0xa2,0xaa,0x51,0x84,0x83,0xd9,0x9c,0xb2,0x08,0x65,0x87,0xaa,0xc0,0x91,0xfd,
    0x75,0x29,0xe6,0x42,0xb2,0x44,0xdc,0xa9,0xf1,0x2a,0x48,0xb1,0x31,0x48,0x61,0x35,
    0xfb,0x6c,0x41,0x63,0x7d,0x64,0x45,0xd4,0x8a,0xce,0xd7,0xf2,0x0a,0x1a,0x0c,0xdc,
    0xd1,0x08,0x97,0x68,0x70,0x92,0x28,0x44,0xd8,0xdf,0x85,0x9f,0x83,0x8d,0xb8,0x30,
    0x0a,0xa5,0x31,0xbf,0x3f,0xc7,0xd7,0x7e,0x02,0x98,0x93,0x1a,0x5c,0x8f,0xb5,0xfd,
    0x75,0x97,0x45,0xea,0x3a,0x62,0xb1,0x41,0xaf,0x9d,0xfe,0xcd,0x48,0x3a,0xeb,0xed,
    0xde,0xdc,0x3c,0xda,0x08,0x64,0x30,0x68,0xcd,0x68,0xa8,0x9a,0xa3,0x08,0x57,0x34,
    0x03,0xe7,0xac,0x60,0x42,0xcc,0xe5,0xf6,0x41,0xc2,0x6d,0x63,0x37,0xfb,0x99,0x79,
    0x2f,0xff,0xd7,0xb3,0x9f,0xd6,0xb9,0x5a,0x21,0xeb,0x0f,0x1a,0x9d,0x2d,0x07,0xdb,
    0x88,0x05,0x1b,0x73,0xbe,0xbb,0x4a,0x52,0x70,0x77,0x1c,0x91,0x2a,0x1e,0xe8,0x03,
    0x03,0xd9,0xc8,0x9e,0xed,0x1f,0xd0,0x04,0xc0,0x2d,0x9b,0x5f,0x10,0x18,0xbd,0x41,
    0xaa,0x0e,0xe6,0xeb,0x22,0x47,0x2a,0xad,0x2b,0x73,0xab,0x39,0x8b,0xe8,0x02,0x2b,
    0xde,0xd2,0x4c,0x6d,0xd8,0x91,0x16,0xae,0x6c,0xfb,0x05,0x4e,0xa2,0xf5,0x1d,0x4c,
    0xb9,0xab,0xb5,0x51,0xa3,0x5d,0xed,0xfd,0x46,0xbb,0x72,0x14,0x2c,0x70,0x11,0xac,
    0x6c,0x0c,0x2a,0xcb,0xf8,0x36,0x7c,0xeb,0xef,0xd7,0x20,0x29,0x9b,0x9e,0xb1,0x18,
    0x28,0xa8,0xd6,0xaf,0x38,0x43,0xc6,0xb8,0x11,0x60,0x9c,0xca,0x1c,0xf4,0x2b,0x73,
    0x8c,0xd7,0x19,0x83,0x3d,0x7b,0xcf,0x7e,0xba,0xaf,0x60,0xc0,0x08,0xd8,0x57,0xb5,
    0x53,0xd6,0x7f,0x82,0xd1,0x92,0xb9,0x2e,0x5d,0x2b,0x19,0x87,0xc1,0x1d,0x8f,0xaa,
    0x9a,0x6c,0xc3,0x93,0xca,0x65,0x02,0x54,0xec,0x3f,0x89,0x23,0xb0,0xb2,0x04,0xd7,
    0x46,0x98,0x9d,0x05,0x91,0x7b,0x5e,0x98,0xba,0x3f,0x04,0x53,0x0f,0x07,0x0d,0x88,
    0x99,0x83,0x58,0x0e,0x69,0x9a,0x54,0x2b,0xd9,0xb5,0x94,0x2b,0xf6,0x6c,0xbb,0xd1,
    0xeb,0x4c,0x30,0x77,0xab,0x87,0xdd,0x28,0xd9,0x80,0x4a,0xc9,0xf1,0xb7,0x2c,0x13,
    0x5e,0x7f,0x2c,0x90,0x17,0x5d,0x3a,0xb6,0x61,0xf3,0xc8,0xa9,0x82,0x78,0x47,0x1b,
    0x1a,0x1b,0xa3,0x55,0x57,0xd0,0x57,0xc3,0xa1,0xc7,0x32,0x5c,0x89,0x3d,0xb3,0x56,
    0x85,0xfd,0x10,0x72,0x04,0x57,0xd3,0x8f,0x92,0xa5,0xc3,0x8f,0x20,0xbd,0xe2,0x1f,
    0xda,0x16,0x2c,0x8a,0x4e,0x49,0xa0,0x87,0x29,0x76,0xe9,0x83,0x7a,0x89,0xeb,0xd3,
    0xdf,0xdb,0xef,0xee,0xc3,0x7a,0xdb,0x7d,0x0a,0x8b,0x7d,0x54,0x2c,0x76,0xb4,0x3f,
    0x1a,0xf9,0x4f,0xbf,0xd0,0x65,0xe5,0xc5,0x2d,0xcb,0x1a,0x36,0x27,0xc8,0x07,0xf0,
    0xb2,0xd6,0x80,0x35,0x98,0x27,0x6b,0x06,0xa9,0x5b,0xc6,0x39,0xc8,0x8a,0x91,0x35,
    0x4f,0x88,0xa7,0xb7,0x3d,0xbb,0xa3,0xea,0xc4,0xae,0x58,0x50,0x8c,0xc4,0xcc,0x99,
    0xb0,0x12,0x83,0xd5,0x32,0x4c,0xa1,0x74,0x8a,0x31,0xa2,0x6d,0xb4,0xa2,0x91,0xe5,
    0x13,0xda,0x85,0x7a,0x12,0xea,0xb4,0x76,0x9f,0x2d,0xdb,0x6e,0xdf,0x4f,0x3a,0x25,
    0x73,0xb0,0x25,0xcd,0xb0,0x69,0x4b,0xb8,0x4a,0x57,0xb3,0x00,0xcd,0x70,0x20,0xe1,
    0x55,0x6f,0x6f,0x94,0x6c,0x00,0x6b,0x7f,0x7f,0xff,0x40,0x2a,0x80,0xc0,0xbc,0x37,
    0x62,0x6a,0x2e,0x4a,0xbc,0x7f,0x34,0x8e,0x3f,0xbd,0xdd,0xd7,0x45,0xd8,0x0e,0xf2,
    0x0c,0x79,0x0b,0x8e,0xeb,0xac,0x50,0x4c,0x88,0x25,0xb9,0xb2,0x35,0xa4,0x54,0x9a,
    0x81,0x2f,0x67,0xba,0x59,0x81,0xab,0x38,0xc6,0x89,0x8b,0x52,0x5c,0xae,0x4f,0x7b,
    0x76,0x15,0x9a,0x87,0x0a,0x32,0x4b,0x82,0x2f,0x50,0xb0,0xc2,0x4a,0xda,0xe0,0xa3,
    0xcb,0xcb,0x45,0x4e,0xaa,0xb5,0x6c,0x7a,0x97,0x28,0x09,0xf3,0x8c,0xe1,0x8f,0xbe,
    0xc1,0xf6,0xac,0x89,0x1a,0xea,0xe5,0x9c,0x58,0x94,0x5d,0x72,0x1c,0xa7,0x10,0xfd,
    0xb0,0x4e,0x2c,0xde,0xf1,0xc9,0x86,0x79,0xfa,0x25,0x86,0xd9,0x2f,0x0c,0xc3,0xd3,
    0x31,0x40,0x9d,0x54,0xed,0x58,0x01,0xf6,0x29,0xab,0xaf,0x65,0x3d,0x58,0x6a,0x4a,
    0xa2,0x20,0xfd,0xc7,0x2c,0xa7,0xbd,0x51,0xf3,0x72,0xd2,0x45,0x8d,0x4b,0x93,0x40,
    0x53,0x45,0x56,0x02,0x32,0x8b,0x74,0x8e,0x42,0xa5,0x08,0xae,0xc4,0x6b,0x39,0xaf,
    0x97,0x0b,0x85,0xa6,0xf2,0x4f,0x03,0x6a,0xb7,0x23,0xa1,0x52,0x0f,0x68,0x3a,0xa2,
    0x9a,0xca,0x40,0xdb,0x28,0xa9,0x6d,0x70,0x33,0x1c,0xec,0x7d,0x61,0x59,0xa7,0xf1,
    0xc3,0x56,0x75,0x69,0x5e,0x98,0x5b,0x42,0x59,0x0d,0xc5,0xa8,0xa3,0xe1,0xdd,0x8b,
    0xc2,0x0a,0xe3,0xe1,0x6e,0xb7,0xff,0xcd,0xd3,0xee,0x37,0xbb,0x22,0x03,0x56,0xf9,
    0x4a,0x04,0xc3,0x4d,0x8a,0xac,0xb4,0x3f,0x85,0x0c,0x44,0xd6,0xb7,0xa5,0xd9,0xaa,
    0x90,0x72,0x72,0x54,0x12,0xb1,0x4e,0x4a,0x82,0xdd,0xaa,0x8d,0x86,0xdf,0x74,0x81,
    0x0f,0xfc,0xad,0x91,0x22,0x11,0x48,0x42,0x72,0xb4,0xa8,0x0a,0x89,0x13,0xe8,0xdb,
    0x92,0xeb,0xf5,0x36,0xed,0xb0,0x2c,0x47,0xad,0xa2,0x94,0xd6,0xb6,0x41,0x4c,0x8d,
    0xe7,0x65,0x61,0xfb,0x5a,0xaf,0x92,0xc4,0xd2,0x38,0x76,0x30,0xea,0x83,0xe3,0xfa,
    0xdd,0xe1,0x5e,0xad,0x39,0x24,0x0a,0xc9,0x1e,0xfe,0x6c,0xe6,0x0f,0x64,0xf4,0xfc,
    0xfd,0x12,0x7b,0x04,0xb5,0x37,0x3b,0x2b,0x00,0xe1,0x50,0xa3,0xa9,0x88,0x51,0xb3,
    0x17,0x32,0x94,0xb7,0x36,0x54,0x08,0xd4,0x63,0x1b,0xc0,0x97,0x01,0xff,0x4a,0x83,
    0x36,0x75,0x48,0x23,0x22,0x0e,0x39,0xfa,0x95,0xc6,0xca,0x8d,0x03,0xef,0x05,0x3c,
    0x92,0x88,0x74,0xe0,0x88,0xe1,0x1a,0xc4,0xb8,0x29,0x2d,0xd1,0xc3,0x9d,0x6c,0x5b,
    0xef,0x70,0x47,0xec,0x38,0x1e,0xb2,0x3d,0xba,0x6c,0xc7,0xcf,0x23,0x17,0x86,0x1b,
    0xa0,0x34,0x1d,0xb7,0xd8,0x16,0x54,0x6b,0xb3,0xf9,0x27,0xdf,0x12,0xf6,0x91,0x6e,
    0x72,0x82,0x45,0x7f,0xb3,0x2d,0xf9,0xec,0x75,0xb1,0x33,0x09,0x97,0x55,0x3a,0x89,
    0x91,0xbc,0x3f,0xd4,0x9a,0x1c,0x42,0x3a,0x0a,0x4b,0xb7,0xbc,0x88,0x1a,0x62,0xcb,
    0xa2,0x65,0x10,0x0f,0xb4,0x8a,0x28,0x10,0xee,0x30,0xca,0x89,0x21,0x06,0xb0,0xcb,
    0xe0,0x09,0xc8,0x88,0x00,0xae,0x2d,0xc3,0x43,0x14,0x59,0x54,0x5c,0x02,0xdb,0x60,
    0xaf,0x35,0x79,0x91,0x1f,0x66,0x03,0x0f,0x77,0x40,0x87,0x92,0x56,0xb3,0x15,0x94,
    0x03,0x85,0xf4,0xbc,0xb5,0x16,0x42,0x37,0x67,0x51,0xe8,0x06,0xc4,0x3d,0x1f,0xb7,
    0x68,0x34,0x9f,0x07,0xf8,0x5b,0xb8,0xd1,0xee,0xb4,0x26,0xc7,0x6f,0x0f,0x77,0x04,
    0x03,0xc9,0x60,0x42,0x48,0x8d,0x01,0x93,0xa8,0x62,0xbe,0x41,0xa1,0xba,0x70,0xf3,
    0x94,0x67,0xf8,0xd6,0xe4,0x7b,0xe2,0xe1,0xc8,0x10,0xd7,0xc0,0x9c,0x83,0xd2,0xb8,
    0xb8,0x3c,0x0c,0x4a,0xc8,0xd6,0xe4,0xcd,0x1f,0x4f,0x8e,0xff,0x90,0x0d,0x32,0xfc,
    0x24,0x5a,0x1a,0xef,0xbe,0x1f,0xee,0xed,0xd9,0x86,0x9b,0xb9,0x25,0x6e,0xf2,0x4a,
    0x11,0x65,0x25,0x25,0x39,0x25,0x32,0x16,0x09,0xf6,0xc7,0xad,0x1d,0x41,0x27,0x4c,
    0x94,0x8d,0x81,0xfe,0x05,0x1c,0x95,0xf1,0xd9,0xf4,0x57,0x2d,0x83,0x42,0x6d,0xc1,
    0xf6,0xb2,0xa7,0x50,0xde,0x32,0x92,0x5c,0x67,0xa0,0x99,0x66,0x34,0x93,0xd3,0x6c,
    0x8a,0xa8,0x49,0xa8,0x28,0xff,0x59,0x01,0x24,0x8b,0x17,0x57,0xab,0xe2,0xc5,0xf5,
    0x66,0xf1,0x19,0xcd,0xe4,0x65,0xce,0xb9,0xb0,0x75,0x49,0x91,0x52,0xd8,0x34,0x39,
    0xb8,0x58,0xe4,0x42,0x3d,0x76,0xda,0xaa,0x37,0x78,0x51,0x00,0x42,0x68,0x4b,0x97,
    0x79,0xe9,0xdb,0x9a,0xbc,0x3e,0x11,0x92,0xe4,0x5b,0xbc,0x4e,0xcc,0x78,0xc7,0xad,
    0x49,0xaf,0xd7,0xcb,0x68,0x34,0x91,0xbd,0xad,0xa0,0xc2,0x28,0xc1,0x2c,0x98,0xae,
    0x62,0x4a,0x96,0x10,0x7c,0xdf,0xf1,0xcf,0x46,0x05,0x72,0x52,0xcb,0xfa,0x72,0x1d,
    0x26,0xef,0x9f,0xbd,0x69,0x14,0x06,0xd0,0x13,0x3f,0x90,0xa8,0x93,0xd3,0xdb,0x84,
    0xc5,0x69,0xc2,0xe2,0xb2,0x90,0x26,0xaf,0x91,0xac,0x4f,0x93,0x08,0xad,0xd8,0xe5,
    0xd8,0xf4,0xc5,0x8a,0xfd,0x07,0x79,0x45,0x1a,0xf5,0x4a,0xd2,0x94,0x3c,0x90,0x11,
    0x5e,0x9d,0x9c,0x36,0x8a,0xca,0xd6,0xb5,0x1f,0xa7,0x65,0x81,0xf7,0x8b,0x2b,0x96,
    0xee,0x5a,0x93,0x33,0xf8,0xbf,0x51,0xac,0xbb,0x20,0xb1,0x25,0x68,0xef,0x29,0x75,
    0xf2,0xed,0xea,0xaa,0x51,0x44,0xb0,0xba,0x7a,0x18,0x1b,0x2a,0xf3,0x8b,0x93,0xc8,
    0x27,0x0c,0xb5,0x4f,0xc4,0x41,0x73,0x7c,0xe5,0xc4,0x0f,0xae,0x86,0x7f,0x09,0xae,
    0x25,0xc9,0x12,0xfa,0xce,0x66,0x15,0xa0,0x4c,0x4b,0x01,0xf2,0x6a,0x55,0x68,0x02,
    0x39,0xa5,0x13,0xdd,0xc8,0x87,0xcb,0xd3,0x02,0xa5,0x25,0x58,0x2d,0x73,0x96,0x38,
    0xe5,0x85,0x54,0x4b,0x9f,0x94,0x99,0xa2,0xcb,0x48,0xc8,0xe2,0x79,0xb7,0xc0,0xf8,
    0xbc,0x70,0xac,0x64,0xe6,0x37,0x9c,0x9c,0xe5,0x66,0x36,0xb1,0x72,0x6e,0x2e,0x33,
    0x87,0xb6,0x38,0xbd,0x03,0xf3,0x13,0x4e,0xbe,0x2d,0xf3,0x84,0xb5,0x7b,0xde,0xd6,
    0xcc,0xdf,0x73,0xf2,0x6d,0x99,0x43,0xc1,0xbc,0x2d,0xe3,0xd7,0xef,0xb7,0x65,0x9a,
    0x7a,0x41,0x34,0xdf,0x9a,0xef,0xe9,0xcb,0x6f,0xa3,0x79,0x1d,0xeb,0x7b,0xc6,0x0f,
    0x8d,0x78,0x34,0x9c,0xb1,0x8f,0x7b,0xc4,0x4d,0x51,0x2d,0xf0,0x47,0x52,0x95,0x29,
    0x18,0x59,0x9b,0x52,0x5f,0x17,0x30,0xf9,0xd3,0x34,0x44,0x71,0xba,0x60,0x05,0xe7,
    0x69,0x76,0x54,0x2d,0x09,0xd4,0xb2,0x51,0x63,0xa3,0x14,0x5d,0xe0,0xb3,0xe8,0xf4,
    0x25,0x18,0x48,0xd8,0x16,0xce,0xad,0xd4,0x13,0x54,0xaa,0x38,0xb8,0x33,0x4d,0x61,
    0x6d,0x9f,0xc2,0x81,0x41,0x23,0xe3,0xf4,0x65,0x8d,0xab,0x36,0x15,0x18,0xa6,0x94,
    0x84,0xf3,0xd4,0x8a,0xd1,0xbc,0x69,0x9a,0xaa,0x9c,0x6c,0x10,0x08,0xca,0x8e,0xaa,
    0xd3,0x2a,0x24,0xb0,0x40,0x60,0x2f,0x11,0x40,0xb9,0x7f,0x4f,0x2b,0x02,0x07,0x00,
    0x63,0x02,0x53,0x82,0x30,0x69,0x90,0x04,0x36,0x09,0x48,0x4a,0x35,0xf1,0xd6,0xec,
    0x24,0x66,0xb0,0x97,0x06,0xc3,0xd1,0xa6,0x79,0x88,0x76,0xe2,0xce,0xcc,0xc5,0x28,
    0xa8,0x4c,0xd9,0xa7,0xf1,0xc7,0xd3,0x77,0x6f,0x1b,0x64,0x40,0x6d,0x12,0xd0,0xc5,
    0x5d,0x65,0x64,0xa3,0x26,0xff,0xce,0x3f,0x1b,0xd8,0x67,0x08,0xe8,0xe1,0xd9,0x6a,
    0x7e,0x57,0x21,0x62,0x2c,0xb4,0x05,0xfc,0xd3,0xe0,0x3c,0x1a,0x44,0x51,0x1c,0xe0,
    0x25,0xa6,0xcc,0xb7,0x77,0x93,0xb3,0x19,0x08,0x39,0x3e,0x3b,0x6c,0x90,0x83,0x2f,
    0xa0,0x45,0xbd,0xb3,0x57,0xb2,0x51,0x93,0x63,0xfe,0xd9,0xe8,0x74,0x5e,0xbc,0x30,
    0x2f,0xde,0xc3,0xf5,0xa2,0x99,0xe2,0x63,0xb3,0xd6,0xc4,0x60,0x71,0xd0,0x24,0x50,
    0xd4,0x81,0xf7,0x92,0xc7,0x87,0xe6,0xe2,0x78,0x69,0x7a,0xab,0x34,0xb4,0xf2,0x48,
    0x64,0xdd,0x2f,0xb2,0xf9,0xd8,0x22,0xbe,0x9f,0xb1,0x33,0x43,0x44,0xb9,0x4e,0x20,
    0x03,0xae,0x5c,0x5a,0xb5,0xcf,0xbb,0xa3,0x48,0xd1,0xec,0xe5,0x22,0x2b,0x9d,0x96,
    0x04,0xf7,0x72,0xf2,0x38,0x4c,0xdd,0x84,0xc4,0x74,0x43,0x77,0x81,0x12,0xe3,0xcc,
    0x18,0x1b,0xea,0xde,0x0d,0x0e,0x9d,0xd2,0x15,0xb1,0x11,0x9a,0x6d,0x00,0x38,0xec,
    0xcc,0x2c,0xf6,0x03,0xcc,0x6e,0x85,0x34,0xf2,0x7d,0xf6,0x10,0xce,0x11,0x67,0xe6,
    0x3b,0x71,0xaa,0x21,0x94,0x9b,0x74,0xc7,0x30,0xe5,0x2e,0xbd,0x9e,0x1a,0xda,0x06,
    0xc6,0xd9,0xbc,0xa5,0x3d,0xd7,0x30,0xd8,0x34,0xca,0x9c,0xc1,0x69,0x9d,0xa0,0x4d,
    0x47,0xcb,0xe9,0xca,0x4d,0xad,0x66,0xc4,0xa6,0xdd,0xe3,0x23,0x44,0xc7,0x57,0x43,
    0x97,0x55,0xac,0x40,0x68,0x66,0x05,0x6e,0x0d,0xa1,0x7f,0x99,0x59,0xd0,0x30,0xf3,
    0x3a,0x54,0x67,0x15,0xb9,0x54,0x74,0x36,0xca,0xd6,0x90,0xf2,0xaa,0x40,0xb8,0x90,
    0x57,0x06,0x1a,0x32,0x25,0x71,0x3b,0x66,0x9e,0xb8,0xcd,0xae,0x9c,0x62,0xe1,0x7a,
    0x91,0x62,0xcd,0x6e,0xde,0x96,0x38,0x26,0x6b,0x4b,0x74,0xa2,0x59,0x39,0x34,0x65,
    0x0a,0x42,0xa2,0x81,0x24,0xe6,0x18,0xef,0xde,0x9a,0xdd,0xec,0xaa,0xef,0x4b,0x97,
    0x5f,0xbd,0xaa,0x55,0x29,0x4b,0xb5,0x40,0x9c,0x1d,0xd5,0x51,0x06,0x8c,0x13,0x9f,
    0x63,0x9e,0x34,0x6b,0x79,0x7a,0x79,0x94,0xe6,0x09,0xb0,0x96,0x92,0xaf,0x6c,0x87,
    0xc7,0x4d,0x91,0xc9,0xea,0x88,0x45,0x42,0x62,0xc4,0x22,0x25,0xd5,0xd1,0x89,0x9c,
    0xc2,0xe8,0xe4,0xac,0x52,0x47,0x5d,0x64,0x06,0x66,0xe6,0xec,0x30,0xf3,0x8a,0xc0,
    0x73,0xc7,0x14,0x78,0x9e,0xbb,0x4a,0xc2,0x5f,0xc7,0x94,0xf1,0x37,0x23,0x90,0x00,
    0xd3,0x31,0x25,0xc0,0xcc,0x6e,0xcb,0x00,0xe7,0x98,0x32,0xc0,0x95,0x08,0xf8,0x92,
    0x32,0x65,0x38,0xd2,0x4c,0x21,0x86,0x18,0x8a,0xa6,0x7c,0xb6,0xcc,0xde,0x27,0xec,
    0x54,0x84,0x41,0x1d,0x29,0xc4,0x85,0x42,0xaa,0x0d,0x0d,0xd1,0x77,0xe4,0x7c,0x4d,
    0xd1,0x57,0x18,0xcf,0x5e,0xd7,0xb1,0xce,0xc8,0x05,0x6f,0x85,0x5c,0xcb,0x1e,0x3a,
    0x8f,0x42,0x67,0xa0,0x17,0x9d,0x05,0x7b,0x16,0x66,0xbc,0x3f,0x7e,0x51,0x47,0x9f,
    0x29,0xae,0xd2,0xeb,0xf9,0x93,0x44,0x62,0x6f,0x98,0xaf,0xdf,0x1b,0xdf,0x1e,0xbf,
    0xac,0xd1,0x9d,0xd1,0x16,0xac,0x25,0x5a,0x60,0xac,0xd0,0xde,0xa8,0x43,0xdd,0x9f,
    0xb7,0xc0,0xf3,0x93,0xdf,0xfe,0x8b,0xc4,0xd1,0x4f,0x38,0x8c,0xfe,0x7f,0x00,0xfa,
    0xcf,0xc6,0x39,0x83,0xf1,0xeb,0x0c,0xd4,0x1f,0x16,0xcd,0xcf,0xff,0xfe,0x9f,0xe1,
    0xe7,0x5f,0xb7,0x86,0xf3,0x97,0xd1,0x0c,0x19,0xb3,0xbf,0xff,0xf7,0x62,0xb5,0x2d,
    0xa4,0x3f,0x34,0xa2,0x9f,0xbb,0xf8,0x76,0x3c,0x7f,0xfb,0xf9,0x17,0x98,0x11,0xf8,
    0x70,0x1b,0x4c,0xff,0xfc,0xeb,0x12,0x9f,0x97,0x21,0xfd,0xbb,0x20,0xfa,0xed,0xaf,
    0x84,0x1a,0x21,0xaa,0xa0,0x7a,0x1c,0x44,0x14,0x6d,0x05,0xec,0x3f,0x3e,0x3b,0xd1,
    0x22,0xfb,0xf7,0x3f,0x9c,0xdc,0x8e,0xec,0x6f,0x11,0xc0,0x0d,0x60,0xd8,0xe7,0x5f,
    0x6f,0xc7,0xf6,0xdf,0xfe,0x42,0x2e,0x3e,0xff,0xc5,0x08,0xb6,0x44,0xf7,0x34,0x5a,
    0xcd,0x22,0x06,0x98,0x5b,0xe0,0xfb,0xc5,0x96,0xe8,0xfe,0xa3,0x97,0xa0,0x8b,0x7a,
    0x5d,0x37,0xf0,0xfe,0x92,0xe1,0xba,0x11,0x47,0x8b,0xeb,0xd9,0xea,0x0e,0xf0,0x4e,
    0x70,0x09,0xdf,0xbf,0xf3,0x3e,0xff,0x12,0x44,0x29,0x25,0xff,0x0a,0x10,0xff,0x8a,
    0xc3,0x36,0x8f,0x87,0xdb,0x20,0x5e,0x90,0xea,0x43,0xa4,0x84,0xf0,0xef,0x52,0xb6,
    0x1c,0x19,0x62,0xd7,0x70,0x56,0x11,0x7e,0x43,0xae,0xe7,0x5e,0x02,0xf8,0xb7,0x68,
    0x91,0x7c,0xfe,0xe5,0xe2,0xf3,0x2f,0x10,0x82,0x75,0x12,0x4a,0x18,0xaf,0x0e,0xd1,
    0x4b,0xa9,0x81,0x79,0x3d,0xff,0x1a,0x9c,0x67,0x9c,0x55,0x9c,0xdf,0x3c,0x96,0x3c,
    0x78,0xa4,0x14,0xf5,0xec,0x69,0x1b,0xd4,0xf5,0x41,0xe4,0xa2,0xe0,0x94,0x46,0x09,
    0x9a,0xe3,0x1e,0x74,0x15,0xaf,0x61,0x35,0xb7,0x4d,0x76,0xd3,0xec,0x18,0x9f,0x3e,
    0x19,0xa6,0xfb,0xb3,0x29,0x8d,0xf4,0x57,0xa1,0xa8,0x73,0xd9,0x17,0x08,0xae,0xf9,
    0x83,0xb9,0xa0,0x53,0x4a,0x1d,0x39,0xe7,0xd2,0x8b,0xb6,0xb2,0xa0,0x54,0x11,0xd4,
    0x35,0x82,0xd2,0x6b,0x11,0x5e,0xe4,0xae,0x96,0x10,0xce,0xbd,0x3f,0xaf,0x00,0xe0,
    0x4f,0x21,0xd4,0x5d,0x18,0xf9,0x2c,0x08,0xda,0xe6,0x07,0xd1,0xed,0x7c,0x34,0x3b,
    0x3d,0x3f,0x4a,0x8e,0x91,0xbb,0x68,0xe7,0x4a,0xb5,0x71,0x45,0x97,0x7c,0xb6,0xe7,
    0xa0,0x10,0x0e,0xd8,0x04,0x9f,0x51,0x58,0x33,0xb3,0x15,0xc5,0x6d,0x53,0x70,0x32,
    0x4b,0xb2,0xb9,0x79,0x7d,0xa3,0x7d,0xf6,0x21,0xf8,0xf8,0xe1,0xfc,0x63,0x87,0x8d,
    0x63,0xcf,0x3c,0x5f,0x88,0x57,0x41,0x80,0x51,0x76,0x47,0x1d,0x76,0x53,0x37,0x05,
    0x90,0x79,0xcc,0x96,0x6a,0x48,0x9f,0x5f,0xbf,0xf6,0xc4,0x94,0x59,0x1f,0x07,0x13,
    0x50,0xd9,0x06,0xc6,0x78,0x3c,0xe6,0x06,0x37,0x8e,0x0c,0xf3,0xf8,0xad,0x69,0x40,
    0x7e,0x7c,0xf1,0xa3,0x59,0xc3,0x37,0x3f,0xc8,0x98,0xf7,0x72,0xb3,0x2b,0x5c,0xdc,
    0x94,0x73,0xc1,0xa1,0x29,0xbf,0x43,0x52,0x75,0xa7,0xfc,0xa0,0xb5,0x64,0x42,0xc9,
    0xd3,0x5c,0x82,0xc4,0x1d,0xd8,0x32,0xee,0x70,0xd6,0xd1,0xb2,0x67,0x96,0x17,0x00,
    0x77,0x1c,0xa2,0x59,0x80,0xbd,0xb1,0x8f,0x82,0x14,0x77,0xb3,0x05,0x58,0xba,0x48,
    0x12,0x06,0x2b,0x38,0x3f,0x4d,0xf2,0xba,0x48,0x5c,0xd0,0x05,0xe1,0x2a,0x06,0x17,
    0x62,0x01,0x46,0xed,0xd2,0xeb,0x05,0x3e,0xa6,0x10,0x1a,0x66,0xb6,0x25,0xc5,0x8c,
    0xbd,0xc0,0xe1,0x26,0x54,0x92,0xce,0x3a,0xc1,0x74,0x95,0x84,0x46,0xd2,0xfb,0x89,
    0x6f,0x33,0x1f,0xdc,0x94,0x69,0xbc,0x4e,0x35,0x98,0x6a,0xdd,0x4a,0x62,0xd5,0xa1,
    0x63,0xaf,0x47,0xe2,0x4f,0x9f,0xcc,0x23,0xf3,0x60,0x7b,0x26,0xa2,0xa2,0xa8,0x30,
    0x12,0x97,0x81,0x99,0x65,0x69,0xb8,0x31,0x2b,0xb3,0x07,0x76,0x7f,0x7a,0x3e,0x7e,
    0x83,0xe8,0xa2,0xe7,0x07,0x51,0x94,0xb4,0xdb,0x5e,0xcf,0x4f,0x30,0x66,0x99,0x08,
    0xd4,0xb0,0x3b,0x3b,0x7d,0x7b,0xb0,0xdb,0xa9,0x1f,0x7d,0x1c,0x8c,0x6b,0xd5,0x62,
    0xf7,0x75,0xcb,0x44,0x8c,0x53,0x94,0x15,0x8a,0x3c,0x31,0x8d,0x3f,0x3d,0x37,0x6b,
    0x07,0xf0,0x1d,0x8d,0xb7,0xec,0xab,0x53,0x26,0x7f,0x48,0x62,0x3e,0x69,0x8b,0x71,
    0x87,0x23,0xfb,0xc8,0x34,0x66,0xc8,0x33,0x9d,0xec,0x42,0xdf,0x66,0x57,0xd8,0x8b,
    0x7d,0xa6,0x63,0xea,0x74,0xa8,0x55,0x9a,0xa7,0xb5,0x92,0x29,0x35,0xf6,0xe1,0x64,
    0x85,0x81,0x84,0x95,0x40,0xfd,0x37,0xcf,0xef,0xe2,0xb7,0xec,0xf9,0x4e,0x49,0x1a,
    0x88,0xc8,0x6e,0xf0,0x38,0xe8,0xf4,0xd2,0x38,0x20,0xb4,0x6d,0x1a,0x66,0xe7,0x83,
    0xfd,0x51,0x0a,0x68,0xd9,0x17,0xec,0xa9,0x23,0xb8,0xfc,0x92,0xf8,0x64,0xca,0x8e,
    0x41,0xb5,0x83,0x5a,0xc2,0x26,0xa7,0xb1,0xfb,0x3a,0x83,0x89,0x71,0x8a,0xa2,0xec,
    0x12,0xcc,0xd9,0x7b,0xbe,0x34,0x6b,0xe9,0x35,0x3e,0x63,0x77,0x0e,0xad,0xfd,0xc2,
    0x65,0xe2,0x7c,0x6f,0xa4,0x3a,0x4c,0x03,0xae,0x60,0x18,0xf6,0xe8,0x91,0x57,0x8e,
    0x53,0xf7,0xf1,0x78,0xbc,0x0a,0x3d,0xec,0x43,0xbf,0x00,0x2b,0xae,0x76,0x3e,0xc5,
    0xc3,0xca,0xca,0xf2,0x90,0x78,0xf5,0x68,0xf4,0x8a,0x5c,0x61,0xaf,0x6d,0x83,0x13,
    0xff,0xf6,0x3f,0x2f,0xcc,0x83,0x1b,0x2e,0x2e,0x2b,0x82,0xfc,0x38,0xdd,0x52,0xda,
    0xe6,0x89,0x6c,0x45,0xdc,0x86,0x17,0xd8,0x8c,0x11,0x64,0x32,0x44,0x1d,0xb5,0x4a,
    0x21,0xc1,0x4d,0x63,0x97,0x6e,0x29,0xa8,0x78,0xa8,0x5d,0x91,0x53,0xe2,0xa7,0x4c,
    0xed,0x6b,0x63,0x95,0x62,0x0f,0x24,0xb3,0x48,0x40,0x0d,0x51,0x50,0xd9,0x4f,0x04,
    0x97,0x80,0xb6,0x28,0xe8,0xac,0x51,0xd0,0xe3,0x5b,0x9c,0xe6,0x82,0xd2,0xd8,0xd9,
    0xd9,0x31,0x9f,0x30,0xc8,0x7a,0x62,0x3a,0xfb,0x03,0xb1,0xe9,0xd9,0xbb,0x44,0x17,
    0xf9,0xe4,0xd0,0x72,0x46,0x80,0xe9,0x34,0x60,0xef,0x64,0x4e,0x83,0xd5,0x95,0x3a,
    0xbd,0x8a,0x93,0x9b,0x53,0xe0,0xea,0xaa,0x32,0xdb,0x8a,0x80,0x62,0xbe,0x7d,0x4d,
    0x10,0xdf,0xd4,0x44,0x15,0xdf,0xd7,0xcb,0x9b,0xad,0x4e,0x03,0x38,0x64,0xdb,0x6a,
    0x95,0x50,0x52,0x18,0x68,0x82,0x57,0x4d,0x67,0x8f,0x1f,0x7b,0x3d,0x71,0x85,0x97,
    0xe6,0x73,0xe6,0x30,0x5e,0xb6,0xea,0x97,0xec,0x72,0x56,0xef,0x28,0xe5,0xc9,0xab,
    0x6e,0xdd,0x2e,0x67,0x8a,0xae,0x50,0x84,0x40,0x3a,0xfe,0xf8,0x41,0x51,0xe8,0xc8,
    0xcc,0xeb,0x6b,0x58,0x7c,0x45,0xfd,0x6c,0x7e,0xd4,0x72,0x93,0x56,0x74,0xbe,0xb7,
    0x0c,0x8b,0xba,0xc4,0xcf,0x88,0x6a,0xd7,0xb1,0x9a,0xc4,0x99,0x29,0xb2,0xba,0xba,
    0xe8,0x4c,0xa7,0x58,0xdc,0xd4,0x5b,0x23,0x6e,0xb0,0x86,0xf2,0xa8,0x58,0x67,0x8d,
    0x58,0x6f,0x0d,0x45,0xa7,0x23,0xb3,0xe8,0x0b,0x98,0x39,0x8a,0xa2,0x5f,0x67,0x8f,
    0xb8,0xce,0x1e,0x25,0x8e,0x06,0x22,0x75,0xf6,0xd8,0x14,0x2c,0xcc,0x16,0x24,0x9d,
    0x16,0x17,0x6a,0x00,0xbc,0x61,0xfe,0xca,0xd3,0x6c,0x2d,0x8a,0xeb,0xe7,0x5f,0x88,
    0x3c,0x32,0x45,0xd7,0x02,0xca,0x66,0xbd,0x88,0x6e,0xd6,0x49,0xdd,0xac,0x25,0x3e,
    0x6c,0x5e,0x75,0x53,0xae,0xd5,0xdf,0x8b,0x18,0x9e,0x49,0xbc,0x2b,0x2f,0x1a,0xde,
    0x25,0xbd,0x16,0xef,0x1d,0x96,0xd6,0x6b,0x36,0xeb,0x5e,0xb1,0x51,0x55,0x2e,0xc9,
    0x61,0x3d,0x53,0xb9,0x41,0xb8,0x4b,0x41,0x77,0xdb,0x14,0x70,0x92,0x3c,0xe4,0x1c,
    0xb2,0x0d,0xb4,0x6a,0x53,0xa1,0xad,0x6a,0x49,0x62,0x3d,0x70,0x61,0x9b,0x57,0xdf,
    0x3c,0x76,0x93,0x29,0x04,0x3b,0xef,0xf9,0xb1,0x3e,0x76,0x49,0x43,0xec,0x16,0x2f,
    0x4b,0x68,0x3b,0x2b,0x7d,0xdc,0x66,0xd2,0x8f,0x4c,0xde,0x05,0x43,0xb8,0x89,0x06,
    0x57,0x17,0xb3,0xa4,0x2e,0x66,0x0b,0x1e,0x06,0x7f,0xbf,0x59,0x53,0x2f,0xea,0x02,
    0x02,0x4c,0x5c,0xb4,0x0a,0x9e,0xc5,0x76,0x8a,0xee,0x69,0x51,0xbe,0x9f,0xf5,0xcc,
    0x65,0x5f,0xf8,0xe6,0x46,0x44,0xfc,0xf0,0x80,0x59,0x2b,0x6d,0xb0,0x96,0xfc,0x16,
    0x08,0xe8,0x9b,0xea,0xed,0x23,0x31,0x3f,0x32,0xf3,0x0d,0x35,0x98,0x61,0xb1,0x89,
    0x06,0x96,0x4a,0xeb,0x0c,0xa3,0x0c,0xde,0x2c,0x67,0xc8,0x98,0xd2,0x9d,0xdf,0xfd,
    0xce,0xeb,0x25,0x78,0x89,0x48,0x08,0xab,0x7e,0x9a,0x4e,0xec,0xce,0x9a,0xa7,0x2c,
    0x51,0x33,0xbb,0x98,0x04,0x6d,0x85,0x60,0x67,0xcf,0x16,0xda,0xb2,0x8d,0xdc,0x22,
    0x8a,0x73,0xd5,0xa0,0x32,0x6a,0x9b,0x4f,0x96,0x4f,0xcc,0xa5,0xc1,0xbe,0xd5,0xd2,
    0x81,0x32,0x02,0xb3,0xef,0x2b,0x17,0x03,0x4c,0xb8,0x52,0xe3,0x8e,0x2d,0x1a,0xd5,
    0xfc,0xbd,0xa3,0x9a,0x96,0xaf,0x78,0xf6,0xb3,0x5e,0x62,0xba,0x88,0x3c,0xc7,0x3c,
    0x79,0x77,0x7a,0x66,0x76,0xc5,0x1b,0xd5,0xa9,0xb3,0x36,0x33,0xfb,0x5a,0x67,0xd7,
    0x31,0x06,0x6b,0xb0,0x1e,0x97,0xb8,0xfc,0xcb,0x22,0x3b,0xcc,0xc5,0xe6,0x8d,0x66,
    0x93,0x38,0xf2,0xae,0x1d,0xb6,0xe7,0xc7,0x0a,0x40,0x60,0x4f,0xfc,0xeb,0xf6,0x5a,
    0x9b,0xfc,0x9d,0xc7,0x4a,0x12,0xbd,0xe9,0x54,0xc2,0xa5,0xb3,0x56,0x5b,0xd7,0x83,
    0x1b,0xed,0x77,0x3c,0x4a,0xb3,0xce,0x5f,0x88,0xfa,0x3f,0x9f,0x75,0x5d,0x9e,0x77,
    0x1e,0x2b,0xd9,0xf2,0xc1,0x26,0x9e,0xbf,0xac,0xa5,0x9f,0xb8,0xc8,0x55,0xff,0x84,
    0x69,0x23,0x37,0xfb,0xb5,0x0e,0x45,0x6e,0x4c,0x69,0x14,0xb3,0x55,0xc8,0x7e,0x01,
    0x85,0xa9,0x9d,0x2e,0x78,0xe5,0x0c,0x7a,0xf7,0x68,0x45,0xdb,0xf2,0xcc,0xbb,0x23,
    0xdb,0xde,0x72,0xf2,0xec,0x85,0xb2,0x75,0x5d,0x12,0xc8,0x5e,0xcd,0xfa,0x67,0x4c,
    0x7e,0x05,0xc5,0xe4,0x32,0xf2,0xb0,0x23,0xf6,0x67,0x78,0x72,0x70,0x0a,0xcc,0x65,
    0x10,0xe4,0x98,0x8c,0xdf,0x5d,0xac,0x30,0xac,0x5a,0x41,0xd9,0x3c,0x92,0x31,0x35,
    0xdb,0x05,0xaa,0xb1,0x52,0xf6,0x7a,0x1c,0xc7,0x2c,0xe1,0xa7,0xb1,0x8a,0x99,0xb2,
    0xa7,0xca,0x88,0xff,0x25,0xd6,0x6b,0x8a,0x14,0xf1,0xd1,0xa5,0x62,0xea,0xd3,0x85,
    0xb3,0x7b,0xaf,0x18,0xd1,0xe1,0xe0,0xe6,0x85,0x37,0x3e,0x65,0x00,0xfa,0x86,0x14,
    0xb3,0x79,0x19,0x0e,0x60,0x9f,0x7d,0x01,0xc8,0x23,0xa9,0xa8,0xda,0x69,0xb2,0xc2,
    0x1b,0x6b,0xb0,0x87,0x3c,0xfc,0x5d,0xbe,0x2f,0xb7,0x88,0xb9,0xbe,0x31,0x6f,0xee,
    0x99,0x49,0x99,0x86,0xe5,0x96,0x9b,0x19,0x64,0x3c,0x1e,0x9b,0x50,0x38,0x1e,0xb5,
    0x8b,0x6c,0x23,0x9e,0x4a,0x4d,0xa3,0xf3,0x4f,0x9f,0xf8,0xcb,0x06,0xde,0x63,0xb3,
    0xe3,0x54,0x6e,0x43,0xa5,0x06,0xf7,0x8f,0x93,0x24,0x4a,0x4c,0x2e,0xb1,0x92,0x75,
    0xca,0x12,0x33,0x62,0x46,0x0b,0x0d,0x2e,0x0a,0x82,0xeb,0x1a,0x7f,0x95,0x78,0x14,
    0x76,0x15,0xc1,0xaa,0x6e,0x9d,0x82,0xe8,0xee,0xc0,0x2e,0x7c,0xaa,0xdf,0x5f,0x95,
    0xd6,0x42,0x09,0x29,0x1f,0x6d,0x9e,0xe9,0x51,0xfe,0x0b,0x7d,0x2e,0x50,0x50,0x59,
    0x4d,0xb6,0x44,0xc7,0x77,0xf6,0xc6,0x97,0x24,0xf4,0xa2,0xcb,0x1e,0xdb,0x7e,0x67,
    0x8a,0xf6,0x16,0x51,0x4a,0xd9,0x6f,0x2d,0xda,0xd0,0xdd,0xb6,0x07,0x22,0x76,0x0d,
    0xca,0x7b,0x05,0x0b,0xb6,0x51,0xd0,0xcf,0x5e,0xfe,0x32,0xb7,0xe0,0x26,0x7d,0x79,
    0xa4,0x96,0x5b,0xf9,0x6b,0x27,0x19,0xdf,0xc3,0x9d,0xfc,0xb5,0xa4,0xc3,0x1d,0xf1,
    0x35,0xaa,0xc3,0x1d,0xf1,0xfb,0x9d,0xfe,0x17,0xd5,0xe2,0x9f,0x08,0xf1,0x49,0x00,
    0x00
};
const size_t INDEX_HTML_GZ_LEN = sizeof(INDEX_HTML_GZ);

// Stranka nastaveni — dark dashboard theme
// SETTINGS_HTML gzipped: 38767 -> 7377 bytes
const uint8_t SETTINGS_HTML_GZ[] PROGMEM = {
    0x1f,0x8b,0x08,0x00,0x00,0x00,0x00,0x00,0x02,0xff,0xdd,0x3d,0x4d,0x77,0xdb,0x46,
    0x92,0x77,0xff,0x0a,0x84,0x79,0x09,0xc8,0x89,0x48,0x81,0xa4,0x24,0xd3,0x94,0xa5,
    0x59,0xc7,0x1f,0x19,0xcf,0x26,0x71,0x66,0xec,0xcc,0xce,0xc4,0xcf,0x4f,0x0f,0x04,
    0x9a,0x24,0x2c,0x10,0xe0,0x00,0xa0,0x64,0xd9,0xa3,0xeb,0xbe,0xbd,0xec,0x65,0xf7,
    0x30,0x6f,0x76,0xf6,0xe2,0x63,0x0e,0xf3,0xf6,0xbe,0xef,0x6d,0x2e,0x8a,0xff,0xc8,
    0xfc,0x92,0xad,0xea,0x0f,0xa0,0x1b,0xe8,0x26,0x01,0x59,0xb2,0xf5,0x46,0x4e,0x24,
    0x7c,0x74,0x7d,0x74,0x55,0x75,0x75,0x55,0x75,0x37,0x79,0xeb,0xee,0x27,0x0f,0x9e,
    0xdc,0x7f,0xf6,0x87,0xef,0x1e,0x5a,0xf3,0x6c,0x11,0x1e,0xde,0xba,0x8b,0x7f,0xac,
    0xd0,0x8d,0x66,0x07,0x2d,0x12,0xb5,0xf0,0x01,0x71,0xfd,0xc3,0x5b,0x16,0xfc,0xdc,
    0x5d,0x90,0xcc,0xb5,0xbc,0xb9,0x9b,0xa4,0x24,0x3b,0x68,0x7d,0xff,0xec,0x51,0x77,
    0xd4,0xe2,0xaf,0xb2,0x20,0x0b,0xc9,0xe1,0x7d,0x77,0x41,0x12,0xd7,0x82,0xd7,0x59,
    0x10,0xcd,0xd2,0xbb,0xdb,0xec,0xb1,0x04,0x1d,0x41,0x8b,0x83,0xd6,0x49,0x40,0x4e,
    0x97,0x71,0x92,0xb5,0x2c,0x2f,0x8e,0x32,0x12,0x01,0xb6,0xd3,0xc0,0xcf,0xe6,0x07,
    0x3e,0x39,0x09,0x3c,0xd2,0xa5,0x37,0x5b,0x56,0x10,0x05,0x59,0xe0,0x86,0xdd,0xd4,
    0x73,0x43,0x72,0xd0,0x17,0xb4,0xd2,0xec,0x4c,0x20,0xc5,0x9f,0x5f,0xbc,0x59,0xb8,
    0xc9,0x2c,0x88,0xc6,0xce,0xfe,0xd2,0xf5,0x7d,0x20,0x0c,0x57,0x93,0xf8,0x55,0x37,
    0x0d,0x5e,0xe3,0xcd,0x24,0x4e,0x7c,0x92,0x74,0xe1,0xc9,0x79,0x0e,0x33,0x89,0xfd,
    0xb3,0x37,0xf9,0x1d,0xfe,0x4c,0x81,0x91,0xee,0xd4,0x5d,0x04,0xe1,0xd9,0xd8,0x7e,
    0x0c,0x4c,0x25,0xf6,0x56,0x7a,0x96,0x66,0x64,0xd1,0x5d,0x05,0x5b,0x5d,0x77,0xb9,
    0x0c,0x49,0x97,0x3d,0xd8,0x4a,0xdd,0x28,0xed,0xa6,0x24,0x09,0xa6,0xfb,0x0a,0x8e,
    0x89,0xeb,0x1d,0xcf,0x92,0x78,0x15,0xf9,0xe3,0x4f,0x9d,0xa9,0x33,0x1d,0x0c,0xf7,
    0xbd,0x38,0x8c,0x93,0xf1,0xa7,0xc4,0xc1,0x7f,0x6a,0xeb,0x45,0x10,0x75,0xe7,0x24,
    0x98,0xcd,0xb3,0x71,0xdf,0x71,0x4e,0xe6,0x39,0xf7,0x83,0x9d,0xe5,0x2b,0xab,0xbf,
    0x87,0xbf,0x1c,0x67,0xf9,0xaa,0x80,0x2a,0xf8,0xef,0x9d,0x26,0xee,0x12,0xfa,0xfd,
    0x8a,0x89,0x6a,0xbc,0x47,0x1b,0x0a,0x39,0x58,0xee,0x2a,0x8b,0xcf,0x6f,0x15,0xad,
    0x97,0xb3,0x2e,0xaa,0x91,0x24,0x6f,0xfc,0x20,0x5d,0x86,0xee,0xd9,0x78,0x1a,0x92,
    0x57,0xfb,0x6e,0x18,0xcc,0xa2,0x6e,0x00,0x5d,0x4a,0xc7,0x1e,0xc1,0x3e,0xef,0xbf,
    0x5c,0xa5,0x59,0x30,0x3d,0xeb,0x72,0xbd,0x8c,0xd3,0xa5,0x0b,0xfa,0x98,0x90,0xec,
    0x94,0x90,0x88,0x13,0x00,0x51,0x66,0x59,0xbc,0xa0,0x7c,0xee,0xcf,0xdc,0xe5,0x78,
    0xb4,0x94,0x44,0x5b,0x10,0xb3,0xe6,0xfd,0x37,0x54,0xac,0xa0,0x08,0x32,0xee,0xf7,
    0x86,0x64,0xb1,0x4f,0xef,0x4f,0x59,0xaf,0x6f,0x3b,0x8e,0x90,0xcf,0x74,0x3a,0x95,
    0x30,0xcc,0xfd,0xa4,0x9b,0x60,0x93,0x8d,0xec,0x56,0xa9,0xa3,0x0e,0xba,0x61,0x10,
    0x1d,0xab,0xea,0xe5,0x74,0x1c,0xc7,0xdf,0x99,0x4e,0xf7,0x33,0xf2,0x2a,0xeb,0xfa,
    0xc4,0x8b,0x13,0x37,0x0b,0xe2,0x68,0x1c,0xc5,0x11,0xd9,0x2f,0x58,0xed,0x8d,0x76,
    0x81,0x55,0x05,0x5e,0xe8,0x86,0x6a,0x05,0xfb,0xcd,0xac,0x6a,0xdc,0x87,0xfb,0x34,
    0x0e,0x03,0xdf,0x4a,0x66,0x13,0xb7,0xed,0x6c,0x0d,0xfa,0x83,0xad,0xc1,0xee,0xee,
    0x56,0x6f,0xb0,0xdb,0xe1,0x8d,0xba,0x89,0xeb,0x07,0xab,0x14,0x19,0x55,0x91,0x66,
    0x09,0x18,0x52,0x40,0x39,0x70,0xc3,0xd0,0xea,0x0d,0x52,0xad,0xae,0xf3,0x2e,0x8d,
    0xe7,0xf1,0x09,0xe8,0x50,0x32,0xb3,0x32,0xd1,0x7e,0x47,0x82,0xc3,0x51,0xdc,0x9d,
    0x64,0xd1,0x1b,0x93,0x91,0x52,0x68,0x84,0x13,0xff,0xf7,0x9c,0xdb,0x1d,0x43,0xcf,
    0x94,0x66,0xfd,0x41,0xa7,0x64,0xf9,0x95,0x8e,0x2a,0x02,0x1b,0xc0,0x03,0x6f,0x95,
    0xa4,0xa0,0x82,0x65,0x1c,0x50,0xcd,0x55,0x07,0x1f,0x17,0x3d,0x48,0x9e,0x2b,0xcb,
    0x75,0x5c,0x67,0x32,0xda,0xaf,0x29,0x25,0xd1,0x5b,0x83,0x90,0x54,0xfe,0x87,0x1d,
    0xc5,0xf2,0x72,0x2c,0x3e,0xf8,0xa8,0x20,0x4c,0x9b,0x48,0x6c,0x47,0x2b,0x8a,0xb5,
    0xe2,0x73,0x46,0x6b,0xc5,0x47,0xed,0x4b,0x1d,0x6a,0x54,0x82,0x0a,0x08,0x76,0x72,
    0x1a,0xc6,0xa7,0xe3,0x79,0xe0,0xfb,0x30,0x34,0x35,0x22,0xe1,0x9d,0x79,0x1e,0x2f,
    0x49,0xf4,0xe2,0x0d,0xa7,0xc1,0xba,0xad,0x55,0x69,0x01,0x99,0xae,0x16,0x40,0xbf,
    0xe4,0x21,0x85,0x46,0xfb,0xd4,0x3d,0x8d,0xea,0xa8,0x94,0x0f,0x74,0xf0,0x4e,0xf2,
    0xe8,0xba,0x33,0x28,0x74,0x0c,0xe2,0x57,0xe1,0xc2,0x20,0x85,0x76,0xe8,0xe1,0xd9,
    0xa8,0xac,0xe9,0x01,0x54,0x24,0x2b,0x70,0xce,0xe0,0xa0,0x43,0xe2,0x65,0x0c,0x8b,
    0x46,0x3a,0xbc,0x8f,0xe3,0x31,0x70,0x39,0x39,0x0e,0xd0,0x1f,0x50,0x71,0x75,0xe1,
    0xe9,0xb1,0xe4,0x29,0x11,0x5e,0x03,0x35,0x21,0xd3,0x38,0x21,0x65,0x27,0xc3,0x9c,
    0xa6,0x6d,0xe7,0x6c,0x07,0x11,0x0c,0x5c,0x70,0xa0,0x61,0xec,0x1d,0xef,0x73,0x5f,
    0x0d,0xdc,0x72,0xbf,0xbf,0x57,0x66,0x5c,0x18,0x02,0x7d,0x3b,0xc8,0x4d,0xe8,0xd3,
    0x3d,0x67,0xcf,0xb9,0x3d,0xda,0xcf,0xa7,0x32,0xe6,0x7f,0x2b,0xef,0xab,0xde,0x05,
    0x98,0x5c,0x8c,0x93,0x38,0x73,0x33,0xd2,0xee,0xee,0xec,0xfa,0x64,0xd6,0x91,0x07,
    0x54,0xde,0x86,0x0e,0x2b,0x94,0x71,0x37,0x9d,0x27,0xe8,0x6a,0x9c,0x8d,0x16,0x75,
    0x58,0x96,0x45,0x85,0x20,0xa3,0x57,0x11,0x9e,0xd5,0x4b,0x89,0xc7,0x0c,0xf1,0x0d,
    0x13,0xc9,0xa8,0x10,0xc9,0x28,0xf7,0xad,0x62,0x38,0xec,0x3a,0x9f,0xa9,0x9c,0x49,
    0x83,0x1e,0x11,0xd1,0xb9,0x5c,0x18,0xa7,0xb0,0x4d,0xfa,0x4b,0x9e,0x02,0xa7,0xb3,
    0x37,0xa5,0x21,0xb5,0xa7,0xcc,0x1b,0xd3,0x19,0x44,0x3d,0x13,0x12,0xe6,0x7a,0x67,
    0x2a,0x53,0x61,0x76,0x81,0x39,0xd9,0x57,0x0d,0x2a,0xce,0x4a,0x36,0xfb,0x5d,0xc7,
    0x51,0x09,0xa4,0x0b,0x70,0x60,0x7a,0x02,0x59,0xbc,0x44,0xde,0x65,0xec,0xb7,0x77,
    0x0b,0xec,0x4c,0xbf,0x52,0x7f,0x82,0x68,0xb9,0xca,0x9e,0x67,0x67,0x4b,0x88,0xa6,
    0xa2,0xd5,0x62,0x42,0x92,0xd6,0x8b,0x2d,0xf9,0x21,0x4e,0x71,0xa5,0x47,0x4b,0x37,
    0x4d,0x4f,0x41,0xb4,0xf0,0x98,0x8d,0x0d,0xd5,0x7a,0x99,0x2a,0x20,0xe4,0xf8,0x2c,
    0x77,0xde,0x7d,0x47,0x78,0xef,0x06,0x0e,0x71,0xaf,0xb9,0x43,0xec,0x6f,0x9c,0x4e,
    0x24,0x77,0x21,0x7b,0x92,0xf2,0x34,0x2d,0x99,0xb6,0xec,0xef,0x4c,0x93,0x86,0x4e,
    0x8a,0xe3,0x69,0xec,0xad,0x52,0x8d,0x2c,0x35,0x2f,0x0a,0x89,0xf2,0x97,0xdc,0xe7,
    0xd0,0x1b,0x55,0xba,0xf1,0x2a,0x43,0x4f,0xc0,0xdc,0x91,0xe2,0x8b,0x45,0x50,0x52,
    0x92,0x00,0xda,0xbb,0xeb,0x83,0x83,0x77,0x2c,0xfc,0x87,0x83,0xbd,0x32,0xdb,0xef,
    0x76,0xb4,0x9e,0x8d,0x29,0x17,0x42,0x56,0xe2,0x82,0x3c,0x3c,0x41,0x34,0xd7,0x5a,
    0x37,0x58,0xb8,0x33,0x32,0x5e,0x25,0x61,0xbb,0xe5,0xbb,0x99,0x3b,0xa6,0xf7,0xdb,
    0xe9,0xc9,0xec,0x8b,0x57,0x8b,0x70,0xeb,0xb3,0xe1,0x7d,0xb8,0xb4,0xe0,0x32,0x4a,
    0x0f,0xec,0x79,0x96,0x2d,0xc7,0xdb,0xdb,0xa7,0xa7,0xa7,0xbd,0xd3,0x61,0x2f,0x4e,
    0x66,0xdb,0x03,0xc7,0x71,0xb0,0xb1,0xcd,0x4c,0xe6,0xc0,0xee,0x0f,0x6c,0x8b,0x0d,
    0x5f,0x76,0x3d,0x0d,0xc2,0xf0,0xc0,0xfe,0x6c,0x30,0x64,0x66,0x6b,0x7f,0x36,0x7c,
    0x08,0x38,0x97,0x6e,0x36,0xb7,0xfc,0x03,0xfb,0x9b,0x81,0xb5,0x13,0xee,0x58,0xf0,
    0xaf,0xbb,0x63,0x6f,0xb3,0x77,0x88,0x0e,0xae,0x5a,0x1d,0x99,0xcb,0x84,0x40,0x07,
    0xd0,0x81,0xf3,0x2b,0xf9,0xdd,0x32,0xe6,0x6a,0xa6,0xae,0x92,0xda,0xa8,0xc5,0x66,
    0x84,0xb2,0x1c,0xac,0x78,0x89,0x0d,0xe5,0x80,0xe0,0xd3,0xbe,0xdb,0x77,0x07,0x44,
    0x0d,0xce,0x65,0x67,0x91,0xc5,0xb3,0x19,0x84,0xfb,0x49,0x7c,0x7a,0xa5,0x01,0x33,
    0xce,0x9c,0xe7,0x3a,0x2a,0x16,0x40,0x45,0x6f,0xca,0x01,0x28,0x67,0xcf,0x73,0x3c,
    0xc7,0x77,0x2a,0x70,0x6f,0x0a,0x11,0x90,0x10,0xc2,0xd8,0x13,0xc2,0xe7,0x97,0x9d,
    0x9d,0xc2,0x9b,0xd2,0x10,0xdd,0xe4,0x3c,0x19,0x1e,0x36,0x08,0xde,0xc4,0xc0,0x77,
    0x90,0x9d,0x81,0xdf,0x67,0x58,0x1c,0x81,0x42,0x03,0xd1,0x4b,0x61,0x18,0xc3,0x14,
    0xa9,0x86,0x07,0x82,0x1d,0x77,0x02,0xc3,0x7c,0x95,0x91,0xfd,0x20,0x82,0x44,0x10,
    0x10,0xad,0x0b,0x13,0xd6,0x87,0x69,0x83,0x72,0x08,0x4d,0xfb,0xb3,0x3e,0x86,0xde,
    0xd5,0x87,0x87,0x2a,0xeb,0x1b,0xe7,0xef,0x6a,0x6f,0x42,0x32,0xcd,0xc6,0x43,0x20,
    0x8f,0xae,0x7a,0x58,0x66,0x83,0x3b,0x4f,0x69,0x22,0xeb,0xeb,0x67,0x32,0x63,0xc2,
    0xc8,0xa7,0xf0,0x86,0xfd,0xa1,0xca,0x1b,0x7b,0x73,0xe2,0x1d,0x13,0xff,0x0b,0xa1,
    0x98,0x35,0x19,0xc2,0xb0,0x53,0x13,0x89,0x66,0x5a,0xa7,0x57,0x60,0x6b,0xe4,0xf7,
    0xed,0x01,0xcc,0x0c,0xf2,0x60,0x15,0x5e,0x4c,0x1e,0x45,0xd0,0x7a,0x06,0xb9,0x3c,
    0x66,0xaa,0x75,0xa2,0x38,0x9c,0x6c,0xce,0x75,0xd0,0x8a,0x9b,0xa6,0x8f,0x5b,0x2f,
    0x4a,0xc9,0x3b,0xa0,0x1d,0xf7,0xf7,0x45,0x24,0x57,0xf6,0x7c,0xe5,0x7b,0x05,0x56,
    0x0a,0xc5,0x54,0x6d,0x0d,0x1b,0x4d,0x7b,0x30,0x85,0x29,0x2e,0x5e,0xa7,0xb3,0xf5,
    0x5d,0x2a,0x22,0x51,0xa6,0x80,0x6e,0x36,0x87,0x29,0x49,0xed,0xa8,0xa9,0x87,0x06,
    0xf3,0x5b,0x33,0xa9,0xa2,0x2d,0x56,0xd5,0xb7,0x7e,0xac,0xaa,0x73,0xd2,0x48,0x33,
    0x23,0x0d,0x3b,0x97,0xeb,0xf8,0x22,0x7e,0xdd,0x65,0x8d,0x34,0x9d,0x5e,0x3b,0xb6,
    0x34,0x1a,0x7d,0xaf,0x8e,0x56,0xb8,0x9e,0xb8,0xfe,0xac,0xe4,0x27,0xb0,0x72,0xc3,
    0x98,0x1a,0x62,0x6c,0x44,0xab,0x09,0xd4,0xa8,0x85,0x39,0xe7,0x95,0x1c,0x10,0xd1,
    0x68,0x93,0x19,0xc9,0x13,0xfa,0xa0,0x53,0xa3,0xb0,0xb0,0x36,0x58,0xda,0x33,0x87,
    0xa8,0xbc,0xe7,0xe5,0xcc,0x4c,0xea,0xba,0x14,0x58,0xbb,0x27,0xd8,0x75,0x93,0x8f,
    0x9f,0x06,0xaf,0x88,0xbf,0xcf,0xa7,0x35,0x87,0xf9,0x46,0x67,0x9f,0xa5,0x2d,0xce,
    0xfa,0xee,0xf6,0x77,0xb7,0xe0,0xbf,0x21,0x74,0xe4,0xce,0x6e,0xa7,0xda,0xd4,0x4f,
    0xe2,0x65,0x17,0x02,0x08,0x10,0x23,0x44,0xc8,0xab,0xa4,0x8d,0x53,0xbb,0xbe,0xc7,
    0xe8,0x88,0x1b,0xa5,0xd9,0x6a,0x06,0x8b,0x92,0x7a,0xdd,0x0d,0x22,0x1f,0x7d,0x87,
    0xa3,0xcd,0x77,0x72,0x31,0x40,0xb3,0x08,0xfc,0xea,0xda,0x82,0x9b,0x9a,0xaa,0x6a,
    0x3c,0xda,0x24,0x8b,0xba,0x88,0x50,0xeb,0xbb,0x72,0xde,0x06,0x25,0xd3,0x2e,0xd5,
    0x06,0x9c,0xb2,0x39,0x95,0x13,0xeb,0xb2,0x7a,0xd7,0x8d,0x68,0x61,0x18,0xac,0x56,
    0xa9,0x19,0x25,0x97,0x2a,0x57,0xf1,0x6e,0x56,0x0b,0x31,0x9f,0x0e,0x87,0x3e,0x46,
    0xf0,0x25,0x47,0x82,0x73,0x89,0xb5,0x76,0x9e,0x42,0x94,0x88,0xc7,0x50,0x90,0xc0,
    0x61,0x86,0x48,0xae,0xa0,0x74,0x45,0xe5,0x2b,0xb1,0x4c,0xfb,0xbc,0x74,0x13,0x18,
    0xd7,0x5a,0xd1,0xc9,0x69,0x9f,0x5c,0xdd,0x58,0x23,0xf4,0x06,0x62,0x44,0x46,0x84,
    0x18,0xd7,0x97,0x6f,0xb0,0xda,0xa8,0xad,0x68,0xf5,0xb2,0x59,0x97,0x59,0x71,0xb9,
    0x10,0xa8,0xa9,0x30,0x09,0x89,0x8e,0xc4,0xf8,0x30,0x46,0x2b,0xc3,0xc9,0x68,0x30,
    0xdd,0x93,0xd3,0xb2,0x9a,0xee,0x78,0xaf,0x5a,0x37,0xaa,0x9b,0xd0,0xe5,0xe4,0x8d,
    0x32,0x93,0xfa,0xaa,0xb1,0xbe,0xc1,0xee,0xde,0x90,0x4c,0xd4,0x38,0xdf,0x4d,0xb3,
    0x3a,0x2e,0x6e,0x84,0x66,0x41,0xbd,0x1c,0x4e,0x27,0xda,0x88,0xa8,0x0b,0x6f,0x3a,
    0x56,0xfe,0xe0,0x0f,0x3c,0x44,0xd2,0x5b,0x2c,0x5a,0xfc,0x60,0xa7,0x12,0x72,0xac,
    0x1d,0xdd,0xa3,0x51,0x69,0x74,0xef,0x3a,0x25,0x57,0x5b,0xc4,0xf0,0x65,0x1b,0x1b,
    0xa6,0xb9,0xab,0x1b,0x94,0xa1,0xb8,0x1a,0xba,0xe4,0x04,0x8c,0x3c,0x35,0x47,0x2f,
    0x54,0x58,0xbd,0x74,0x0e,0x49,0x91,0x20,0xd4,0xaf,0x29,0x0a,0xa7,0x53,0xc5,0xb3,
    0xf2,0x3c,0x92,0xa6,0x95,0x50,0x75,0xb8,0xb3,0xd5,0xbf,0x73,0x7b,0xeb,0xce,0x0e,
    0x9d,0xe8,0xf4,0x03,0x5a,0x6a,0xb3,0x93,0x9b,0xfd,0x60,0xe0,0xed,0xee,0x92,0x0a,
    0x1d,0x92,0x24,0xb1,0xa6,0x1a,0x3c,0xbc,0xb3,0xb5,0x37,0xc2,0xff,0xcc,0x54,0xa4,
    0x36,0x05,0x15,0x32,0xdd,0x81,0x1f,0xc9,0x86,0xfe,0x69,0x41,0xfc,0xc0,0x6d,0x17,
    0x33,0xc3,0x2e,0xce,0x0c,0x1d,0xd5,0xa8,0xcc,0x6b,0x22,0x7d,0xb2,0x38,0x57,0x9b,
    0xea,0x4b,0x5a,0xe2,0xd7,0x79,0x49,0x33,0x77,0xb7,0xf9,0x6a,0xd8,0xdd,0x6d,0xb6,
    0x50,0x77,0x17,0x61,0xf9,0x42,0x99,0x1f,0x9c,0x58,0x5e,0xe8,0xa6,0xe9,0x41,0x0b,
    0x63,0xaf,0x56,0xb1,0x66,0x26,0xbf,0xca,0x79,0x93,0xde,0xd3,0x36,0xf3,0xbe,0x85,
    0xd5,0x81,0x6e,0x86,0x85,0x8e,0x19,0x39,0xa2,0x8b,0x79,0xad,0xea,0x22,0xdf,0xbc,
    0x5f,0x02,0x94,0x90,0xe7,0x4b,0x39,0x25,0xe4,0xb4,0xdd,0x64,0x05,0x83,0x2b,0x12,
    0x4d,0x45,0x01,0xbf,0x65,0x05,0xbe,0x7c,0x17,0x47,0x5e,0x18,0x78,0xc7,0x07,0x2d,
    0x96,0xad,0x7c,0x0d,0x2f,0xda,0x9d,0xd6,0xe1,0xc3,0x6f,0xef,0x6e,0x33,0x04,0x1a,
    0xcc,0xae,0x35,0x4f,0xc8,0xf4,0xa0,0xb5,0xdd,0x12,0xd8,0xf3,0x45,0x94,0x56,0xde,
    0x29,0x7c,0xd4,0x3a,0xfc,0x12,0x7e,0xdf,0xdd,0x76,0x4b,0x5d,0xd8,0x86,0x3e,0x48,
    0xe2,0x62,0xb7,0xc5,0x3d,0x2d,0x99,0x22,0x9b,0x42,0x0a,0x8f,0xe0,0x41,0x4b,0x6a,
    0xc1,0xe4,0xc0,0xca,0xa5,0x16,0x96,0x4b,0x35,0x4c,0xf2,0x72,0xe8,0xe1,0x5d,0xcc,
    0xfe,0x05,0x9f,0x79,0x69,0xb4,0x65,0x51,0xcd,0x32,0x36,0xd5,0x69,0xb9,0x75,0x08,
    0x6a,0x07,0x98,0x43,0x8b,0x81,0x8a,0x0e,0x01,0xec,0xd1,0xc4,0x4d,0x03,0x0f,0x7b,
    0x05,0x7f,0x78,0x2b,0xf8,0xc3,0x29,0x55,0x79,0x90,0x54,0x25,0x0c,0x4f,0xa3,0xa9,
    0x72,0xd3,0xe9,0xcc,0xd0,0x88,0x36,0xa4,0x75,0x54,0xf0,0x5c,0xc9,0x41,0xeb,0x8f,
    0x2b,0x88,0x8b,0xb3,0xb3,0x42,0xe6,0xe1,0x24,0x3c,0x12,0x0f,0x0f,0x7f,0xfd,0xdd,
    0xc3,0xaf,0x2c,0x7e,0x67,0xb5,0x9d,0xee,0xde,0x70,0xcb,0x0a,0xe3,0x53,0x18,0x25,
    0x07,0xd6,0x04,0x04,0x4b,0x92,0xce,0xdd,0x6d,0x8a,0x6d,0x0d,0x35,0x9a,0x50,0x58,
    0x4a,0x0d,0x8f,0x6a,0x26,0x27,0xcd,0x96,0x9c,0xf3,0x5b,0x08,0xde,0x0f,0x5a,0x0e,
    0xfc,0x75,0x5f,0x1d,0xb4,0xf6,0x86,0x2d,0xeb,0xc4,0x0d,0x57,0xd0,0xa0,0xef,0x98,
    0x3a,0xae,0xda,0xc2,0x7b,0xcb,0x64,0x9a,0x00,0x43,0x38,0xfc,0x55,0xa9,0x14,0x8f,
    0x0f,0x1f,0xe1,0xa5,0x85,0xd7,0x9b,0xbb,0xcf,0x8b,0x5c,0xd8,0x63,0x09,0x31,0xeb,
    0xb3,0x84,0xd2,0x88,0x80,0x22,0x61,0x25,0x32,0x21,0x89,0xdd,0xd6,0xe1,0x6f,0x7e,
    0xf7,0xd5,0x3d,0xab,0x3d,0x1c,0x38,0x17,0x7f,0x1e,0xec,0x38,0xa0,0x05,0xd6,0xa2,
    0x11,0x9a,0x3d,0x70,0x15,0x8f,0x1f,0x59,0xed,0x1d,0x07,0xb1,0xdc,0xd9,0xbb,0x1c,
    0x96,0x51,0xeb,0x90,0xf2,0xb2,0xb7,0x03,0x58,0x76,0x46,0x97,0xe4,0xe5,0x4e,0xeb,
    0xf0,0x29,0x45,0x33,0x42,0x66,0x20,0x2c,0xbe,0x1c,0x1a,0xb4,0x91,0xdf,0x23,0x9a,
    0xbe,0x33,0xd8,0xb9,0xf8,0xf3,0xed,0xbd,0xd1,0x25,0xf1,0x0c,0x80,0x1f,0x86,0x68,
    0x30,0x02,0x86,0x10,0xdd,0x25,0x31,0x81,0x01,0x33,0x13,0x20,0xfe,0xe1,0xf7,0x0c,
    0xe5,0x1e,0xf6,0xb1,0x3f,0xa8,0xd5,0x49,0xf0,0x0d,0x14,0xfa,0xbd,0x4c,0xbf,0x28,
    0x64,0xae,0x1b,0x02,0x8a,0xab,0x42,0x8b,0x3f,0x99,0x86,0x01,0x4c,0x4a,0x8f,0xe0,
    0xb7,0x05,0xb1,0x5a,0x16,0x78,0x6e,0xc8,0x5d,0xd6,0xa6,0x81,0xa4,0x10,0x06,0x77,
    0x28,0x3b,0x01,0x5a,0xc7,0x82,0x14,0x83,0xb9,0x01,0x46,0x44,0xec,0x3b,0x61,0x37,
    0xbc,0xd2,0x55,0x72,0xbc,0xb4,0xe8,0x92,0xbb,0xd6,0xb5,0x23,0xef,0x7a,0xe5,0x32,
    0x5f,0x04,0x18,0xb4,0xb4,0x0e,0xbf,0xa1,0x7f,0xad,0x79,0x9c,0x04,0xaf,0x21,0x66,
    0xb8,0x06,0xe9,0x08,0x52,0x5c,0x3e,0xf9,0xed,0x75,0x49,0x48,0xf3,0x18,0x1e,0xb1,
    0x69,0xd2,0x30,0x7b,0x5e,0xcd,0xc4,0xe9,0x8e,0x76,0x77,0xa7,0xb7,0xd7,0x4d,0x9c,
    0x74,0x0d,0xa4,0x75,0xf8,0x18,0xff,0x7c,0xd4,0x89,0x53,0x36,0x85,0x09,0x8d,0x9d,
    0x22,0x08,0x94,0x61,0x4a,0xcf,0xaf,0xad,0x76,0x77,0x60,0x65,0xb1,0x35,0xa8,0x31,
    0x3d,0x4a,0xc4,0x8b,0x2a,0xdc,0xa6,0xf9,0x40,0x36,0x18,0x56,0xa4,0xa3,0xd6,0x22,
    0x71,0xc3,0x0d,0x46,0x7e,0x42,0x27,0xd6,0xee,0x80,0xcf,0xac,0x83,0x7c,0x62,0x75,
    0x50,0x21,0x64,0x09,0xbe,0x6a,0x13,0x59,0x59,0x9d,0x52,0xf1,0xad,0x4c,0xbc,0x4b,
    0x11,0xb7,0x0e,0x9d,0x8d,0xc3,0x61,0xcd,0x30,0xbd,0xba,0x49,0x5d,0xd6,0x17,0xae,
    0x20,0x24,0x90,0x76,0xc0,0xd4,0xc7,0xaf,0x3e,0x96,0xae,0x72,0x4e,0xb8,0xa6,0x8a,
    0xfb,0x6b,0xd6,0x93,0x20,0x74,0x83,0xb5,0x94,0xba,0xd9,0x8a,0xed,0xfc,0x82,0x69,
    0x38,0xbf,0xfe,0x58,0x9a,0x92,0xb8,0xe1,0xba,0x92,0x9f,0x5c,0xb3,0xb6,0x0a,0x52,
    0x37,0x59,0x5f,0x73,0x37,0x59,0x32,0x27,0xf8,0x54,0x5c,0x82,0xb6,0x86,0xa8,0xad,
    0xe1,0x87,0xd6,0x56,0xce,0x8b,0x50,0x56,0xf1,0x80,0xe9,0x6a,0xc8,0x75,0x35,0xbc,
    0x72,0x5d,0x09,0x4a,0x37,0x58,0x55,0x3e,0x89,0xe2,0x20,0x05,0xde,0x1e,0xb0,0x0b,
    0x48,0xeb,0x50,0x4b,0xa3,0x0f,0xac,0x25,0xc1,0x06,0xd7,0x51,0x7e,0xab,0x24,0x7f,
    0xa3,0xab,0x56,0x10,0x27,0x73,0x8d,0xea,0xf9,0x68,0xf1,0xd3,0x74,0xf7,0x0e,0x71,
    0x26,0xeb,0xe2,0x27,0x5c,0x02,0x69,0x1d,0xde,0x83,0xdf,0x74,0x1d,0x3d,0x89,0xc3,
    0xf4,0xda,0xc2,0xa8,0x4b,0x06,0xd6,0x2e,0xf1,0x38,0x87,0x0f,0x5f,0x2d,0xe3,0x74,
    0x95,0x80,0x79,0xde,0x7b,0x78,0xbf,0x73,0xe5,0x61,0x35,0x12,0xe2,0xa6,0x47,0x2f,
    0x3f,0x54,0xc2,0xd1,0x74,0xb4,0xba,0xe4,0x28,0x24,0x27,0x24,0x04,0xa9,0x3c,0xb4,
    0xbe,0xc6,0xab,0x8f,0x35,0x09,0xe6,0x9c,0xe4,0x62,0x13,0xf7,0xa6,0x09,0x10,0x1f,
    0x5d,0xc5,0xa0,0x15,0x94,0xc4,0xa8,0xed,0x0e,0xde,0x63,0xd8,0x32,0x72,0xb8,0xcd,
    0x2f,0x97,0xf3,0x3c,0x88,0x32,0x49,0xd0,0x20,0xde,0x03,0x78,0x87,0x5b,0x4c,0xb7,
    0xac,0x2f,0xf0,0x86,0x05,0xb6,0x24,0x01,0xb2,0x08,0xf8,0x31,0x32,0x4e,0x77,0x26,
    0x06,0xc6,0x57,0x6e,0x00,0x81,0xd0,0xbd,0xaf,0xae,0x63,0x50,0xcc,0x8a,0x41,0x31,
    0xf3,0x6e,0x7c,0x16,0xee,0x9e,0x4e,0xb8,0x4c,0xfe,0x65,0x1e,0x64,0xc4,0xfa,0xd2,
    0x0d,0x71,0xbf,0xc5,0xd5,0x8b,0x05,0xe8,0x08,0xb1,0xe0,0xe5,0x3f,0x5c,0xea,0xcd,
    0x96,0x0a,0xd7,0x4d,0x1d,0x19,0x09,0xc9,0x2c,0x71,0x17,0xad,0xc3,0x67,0xfc,0xca,
    0x8a,0xe2,0x2c,0x98,0x06,0x1e,0x8d,0x4c,0xd3,0x8f,0x5f,0xc7,0xce,0x66,0x47,0x59,
    0x7c,0x8c,0x07,0xa2,0xaa,0x86,0x52,0xbc,0xfb,0x32,0xce,0xac,0x67,0x78,0xa9,0x76,
    0x15,0xb5,0x2c,0x1a,0x1d,0xa5,0x19,0x44,0xdc,0x69,0x2e,0x28,0xbe,0xac,0x34,0x1a,
    0x8d,0xca,0xe7,0x4f,0xea,0x29,0xbb,0xe2,0x53,0xf3,0x2d,0xa9,0x0a,0x59,0x61,0x61,
    0xc5,0xfd,0x32,0x74,0x3d,0x32,0x8f,0x43,0x30,0x2b,0xac,0x47,0x0e,0x77,0x76,0xf7,
    0x6e,0x8f,0xee,0x8c,0xef,0x7d,0x79,0xdf,0x27,0xd3,0x5e,0xaf,0xd7,0xa2,0x7b,0x1a,
    0xbc,0x78,0xb1,0x0c,0x49,0x06,0x90,0x31,0x2e,0x3b,0x7c,0x90,0xfa,0x38,0xf0,0xe8,
    0xcd,0xdd,0xac,0x55,0x16,0x32,0x7d,0x78,0x78,0x1f,0x7e,0x5b,0x8f,0x1f,0x34,0x13,
    0x0a,0xdd,0xc0,0x2b,0x04,0xc2,0x90,0xe7,0xf2,0x60,0xb7,0x7a,0x71,0x5c,0xa2,0xc7,
    0x7c,0x4d,0x8b,0xd1,0x65,0x37,0xf9,0x1a,0x94,0xb4,0x3c,0x2d,0x2d,0x6b,0xe1,0x23,
    0x61,0xf7,0xf7,0x13,0xe2,0xa7,0xed,0x8e,0xb4,0x46,0x95,0x45,0xd8,0x77,0x6c,0x83,
    0xb9,0xea,0x09,0xb1,0xf2,0x21,0xe2,0x41,0x5b,0x12,0xe1,0x01,0xb9,0xd4,0xbc,0x12,
    0xc6,0x16,0xf2,0x12,0x61,0x6e,0x7c,0xc3,0x0a,0xae,0xef,0x3b,0x96,0x69,0xab,0x49,
    0x8d,0x7d,0x35,0xd7,0x17,0xa3,0x2d,0x62,0x1c,0xf2,0x47,0x5e,0x9c,0xe0,0x42,0x48,
    0x90,0x2c,0x4e,0x5d,0x08,0xd3,0xd8,0x53,0x3c,0x7f,0x40,0x3c,0xbc,0xba,0x72,0x2f,
    0xcc,0xc9,0xe6,0x04,0x8e,0x48,0xe4,0x4e,0x42,0xe2,0x0b,0x43,0x31,0xbe,0xbf,0xa9,
    0xd3,0x17,0x18,0xcd,0x72,0x1e,0x63,0x48,0xfe,0x0d,0x93,0xdd,0xdf,0xff,0xf5,0x3f,
    0x0a,0xdb,0xa1,0xaf,0xae,0x4b,0x88,0xb9,0x3b,0x57,0x65,0x57,0x78,0xf9,0x9b,0x2b,
    0xb2,0x13,0xe0,0xc5,0x20,0x32,0xfa,0xea,0xba,0x44,0xc6,0xe8,0xaa,0xf2,0xe2,0xbc,
    0xdc,0x50,0x61,0xa5,0xfe,0x11,0xf0,0xc8,0x58,0x05,0xcf,0xf4,0xc0,0x4a,0xf0,0x38,
    0x25,0x6e,0x58,0x00,0xcf,0xc6,0xc7,0xeb,0x95,0x4b,0x0b,0x88,0xe2,0xac,0x74,0xc4,
    0x68,0xe5,0x15,0x18,0xf5,0xe9,0x8d,0xc8,0xb2,0xe8,0x4c,0x96,0xfb,0x32,0x98,0x57,
    0xe2,0xd3,0xa8,0x55,0x2a,0x15,0xf3,0xa7,0x87,0xf7,0xf9,0x95,0xc5,0x4f,0x0d,0xb0,
    0xd1,0x99,0x5a,0xed,0xf4,0x3d,0x96,0xbf,0x2b,0xb4,0x15,0xdb,0x2a,0x1e,0xd3,0xf4,
    0x6a,0x57,0x94,0xac,0xf6,0x1c,0x27,0x4f,0xb0,0x86,0x1f,0x6a,0x41,0x9c,0xc6,0x7a,
    0x67,0x18,0x19,0x25,0xa5,0x59,0x9f,0xbf,0x99,0x26,0x31,0x78,0x8d,0x7b,0x1e,0x1e,
    0x72,0xb0,0xe6,0xf1,0x2a,0x49,0xad,0xae,0x85,0x0f,0x71,0xd3,0xc0,0x60,0xf8,0x1e,
    0x52,0x52,0x49,0x33,0x11,0xa9,0xcf,0x94,0x8a,0xd1,0x40,0xae,0xe9,0x7d,0x50,0xe1,
    0x90,0xc8,0xd7,0x8a,0x86,0xd6,0x5c,0x54,0xc1,0x40,0xc6,0x72,0x45,0x62,0xa1,0x44,
    0x15,0xa1,0xd0,0x27,0x26,0x91,0xc0,0x65,0xb3,0xac,0x98,0x21,0x6d,0x1d,0x92,0xde,
    0xac,0x67,0x0d,0x06,0xdd,0xdb,0x90,0x0d,0x63,0x0d,0x21,0x05,0x12,0x7e,0x84,0x59,
    0xf1,0x65,0x72,0xe2,0x1b,0xbc,0xc6,0xb8,0x24,0x49,0x8a,0xee,0xf2,0x3b,0xfa,0xb7,
    0x08,0x67,0x20,0xe3,0x7e,0xdc,0xb9,0x69,0xd5,0x32,0xc6,0x6c,0x11,0xe8,0x54,0x98,
    0xe6,0x6f,0xae,0xdc,0xcb,0x73,0xc2,0x39,0x21,0x61,0x83,0x95,0xe7,0x37,0xc7,0xd3,
    0x73,0xd6,0xbc,0x38,0x9a,0x02,0x13,0x91,0x47,0xca,0xbe,0x3e,0x7f,0x8e,0x0b,0x83,
    0xfc,0xda,0xca,0xe6,0x09,0x49,0x31,0xe9,0xb0,0xda,0x9f,0xbd,0xc7,0x68,0xd5,0x10,
    0x57,0x04,0x26,0xbf,0xa0,0x63,0xb7,0x2f,0x06,0xef,0x9d,0x3b,0xf9,0xe0,0xdd,0x73,
    0x1a,0x0e,0x5e,0xb9,0x4f,0xdf,0x04,0x51,0xcf,0xf2,0xa4,0x8e,0xc5,0xec,0x2e,0x81,
    0x48,0x93,0xf2,0x70,0x15,0xb5,0xad,0xe6,0xca,0xd0,0x4d,0xbb,0xe5,0x97,0xd5,0xd9,
    0xf7,0xde,0xe3,0x2b,0x99,0x80,0x2b,0x5c,0x94,0x74,0xa2,0x4c,0xc0,0xb9,0x46,0x94,
    0x19,0x78,0xaf,0xe1,0x24,0x73,0x83,0x57,0x07,0x52,0x5f,0x0d,0x12,0x3f,0x7e,0x49,
    0x07,0xa2,0x46,0xc6,0xcd,0x91,0x9f,0x2f,0xb6,0x96,0x02,0xdc,0xfc,0xc5,0xe1,0x6f,
    0xf3,0xe0,0x56,0x3c,0xb3,0xdc,0x69,0x46,0x12,0x91,0x98,0xbe,0x97,0xa5,0xe8,0x38,
    0xc9,0x23,0xdb,0xca,0x1b,0x35,0x60,0xfb,0x18,0xf1,0x1a,0x70,0x05,0xc4,0x8f,0x56,
    0x29,0x6e,0x98,0x29,0xcb,0x0c,0xde,0x80,0x3f,0x70,0x5f,0x59,0xa0,0x6d,0xda,0xe2,
    0xfd,0x7c,0x9b,0x4a,0x2b,0x97,0x8a,0xf4,0x8c,0xc9,0x43,0xe3,0xd1,0xee,0x34,0xf5,
    0x68,0x82,0xfb,0x27,0xa1,0x4f,0xd2,0x0c,0x4f,0x31,0x93,0xd4,0xc2,0xea,0x03,0x66,
    0x17,0x5d,0x9f,0x60,0x21,0xcc,0xff,0xa0,0x9e,0x0c,0x38,0x9a,0x2e,0xd3,0x8a,0x8c,
    0xf1,0x99,0x64,0x92,0x8f,0xbe,0x7b,0xfa,0x5e,0x02,0xa6,0x24,0x72,0xd1,0xd2,0x3b,
    0xe6,0x94,0x72,0x23,0xbb,0xf4,0x26,0xd9,0x8f,0xe6,0x91,0xd8,0x69,0x80,0x75,0x1e,
    0x69,0xf1,0xc7,0x2c,0x03,0x4b,0xfd,0xcd,0xb3,0x67,0x56,0xfb,0x57,0xf1,0x82,0x58,
    0xf7,0xd2,0x34,0x80,0xa0,0x3f,0xca,0x6e,0x5c,0x24,0x86,0xac,0x16,0x71,0x18,0x65,
    0xf9,0xba,0x62,0x2f,0x85,0x94,0xc8,0x19,0x15,0xf2,0x37,0x27,0xbb,0x46,0xb6,0x52,
    0x92,0x9c,0xa0,0x29,0x57,0xc4,0xc5,0x5f,0x30,0x69,0xb1,0x9b,0xcb,0xd6,0x8c,0x15,
    0x42,0x92,0x48,0xc4,0x23,0xb5,0x76,0x7c,0x67,0xd0,0xeb,0xef,0x8d,0x7a,0xfd,0x5e,
    0xdf,0xf9,0x50,0x0e,0x99,0x72,0xc3,0x3e,0x4f,0xad,0x22,0x07,0xfa,0x98,0x49,0x01,
    0x2f,0xdf,0xa3,0xa0,0x50,0x10,0x91,0x64,0xc0,0x1e,0x28,0xee,0x62,0x6f,0x77,0x77,
    0xb8,0x5b,0x78,0x8c,0xd1,0x68,0x78,0x2d,0x3e,0xe3,0xee,0x36,0x1e,0xc2,0xe0,0x27,
    0x5d,0xa4,0xf3,0x19,0xca,0xd0,0xe4,0xc7,0x37,0x0d,0x27,0x5f,0xd4,0xd3,0x9d,0xe5,
    0xe3,0x2f,0xeb,0x2a,0xf9,0xe2,0x70,0x9e,0x54,0xc6,0x3f,0x0d,0x22,0x08,0xe8,0x7a,
    0x61,0xcc,0x16,0xad,0x7a,0xf4,0x00,0x8a,0xbd,0x6d,0xeb,0xcf,0x9b,0xe8,0xea,0xf5,
    0x1b,0x29,0xd2,0x55,0x00,0x69,0xe1,0x60,0x35,0x59,0x04,0x19,0x9e,0x3c,0x29,0xaf,
    0x18,0x48,0xcb,0x05,0xc5,0x31,0x9d,0x32,0x49,0x49,0xce,0x15,0xf9,0xd1,0xa5,0x92,
    0x98,0x6e,0x17,0xcc,0x7d,0x07,0xdd,0xd6,0xa8,0xb4,0x4c,0xbd,0x24,0x58,0x4a,0x5b,
    0xc7,0x4f,0xdc,0xc4,0x7a,0x06,0x39,0xbc,0x7a,0xf8,0x89,0x44,0xe3,0xd2,0x13,0x76,
    0x14,0x4e,0x9c,0x28,0x1a,0xf3,0x27,0x76,0xe9,0x60,0x91,0xbd,0x55,0x01,0xa2,0xe7,
    0x21,0x95,0x27,0x36,0x8a,0x53,0xd3,0x32,0x3f,0x0a,0x33,0x96,0x5a,0xc2,0xad,0xa6,
    0xa9,0x74,0x24,0x85,0x37,0xb6,0x6b,0x1c,0x4c,0x31,0x20,0xca,0x8f,0x5c,0x50,0x54,
    0x76,0x71,0x92,0xc3,0xd0,0x9e,0xee,0x48,0x2f,0x78,0x54,0xf6,0xc2,0x1b,0x40,0xf8,
    0x26,0x6d,0xc1,0x6b,0x65,0x93,0xb8,0x41,0x1a,0xec,0x33,0x5f,0x72,0x4a,0x74,0x9f,
    0xb3,0x81,0x42,0xb1,0xd5,0x76,0x4c,0x05,0xa7,0xd9,0x78,0x6c,0x80,0x14,0x9b,0x3f,
    0xc7,0x5c,0xa3,0x95,0x4d,0xb0,0x06,0xb8,0x62,0x1b,0x22,0xa5,0xa8,0xdb,0x94,0x69,
    0x82,0x14,0x9b,0xe2,0x98,0xc0,0x35,0xfb,0x03,0x0d,0x80,0x7c,0xb3,0x96,0x10,0x63,
    0x79,0xbf,0x9a,0x41,0x8a,0x18,0x0a,0x16,0x16,0x68,0x2b,0xdb,0x9d,0x0c,0x84,0x5c,
    0xe2,0x49,0x36,0x6b,0x6b,0xf6,0x1f,0x19,0x01,0xd9,0xa6,0x11,0x2e,0xcc,0xea,0x16,
    0x1d,0x0d,0x9c,0xb2,0xdb,0x84,0x89,0xc4,0xbc,0xe3,0xc4,0x44,0x77,0x56,0x65,0xb8,
    0xd8,0x17,0x62,0x02,0x3a,0x9d,0x54,0x80,0x94,0x8d,0x13,0x06,0x81,0x8a,0x55,0x21,
    0xde,0x49,0xfd,0x06,0x00,0x03,0x4d,0xb1,0x9a,0xcd,0x61,0xf3,0xe5,0x77,0x73,0x73,
    0x5c,0xec,0x15,0x1a,0xe7,0x2b,0xc9,0x3a,0x37,0x53,0x2c,0xba,0x8a,0xc6,0xc6,0xa5,
    0x57,0x0d,0x38,0x82,0x92,0x4c,0xf6,0x53,0xf6,0xdf,0xff,0xfb,0x3f,0xd1,0xaf,0xe9,
    0x1b,0xaf,0x22,0xa5,0x39,0x34,0xfe,0x33,0x76,0xdf,0x00,0x50,0x5a,0x24,0x1d,0xa3,
    0xd7,0x30,0x2d,0x93,0x9a,0x05,0x41,0x2b,0x1c,0x5c,0x6e,0xc6,0x05,0x42,0x33,0x38,
    0x5d,0x9b,0x5a,0x03,0x4e,0xdf,0x9b,0x46,0xac,0xb4,0x72,0x34,0x06,0xc9,0x6a,0x97,
    0x8e,0x8c,0xfe,0x85,0x95,0x4d,0x72,0xff,0x62,0x5c,0x39,0x31,0x20,0x90,0x56,0x14,
    0x50,0x72,0xe6,0x35,0x85,0xf5,0xf0,0x5c,0x76,0xb6,0xa9,0xf4,0x6e,0x1a,0x99,0x0c,
    0x5c,0x18,0x95,0xb9,0xee,0x6d,0x18,0x2c,0xac,0x78,0x94,0x4f,0x98,0xda,0x32,0xb2,
    0x81,0x71,0xb5,0x9a,0x3b,0xb6,0x4d,0xd5,0x5c,0xb3,0x63,0xe7,0xc5,0xbd,0x31,0x77,
    0xec,0xda,0x22,0xa6,0xa9,0xdf,0x0a,0xb8,0xbd,0xb1,0x5c,0xb8,0xbe,0x0f,0xb9,0x11,
    0xd8,0xeb,0x6b,0x77,0x06,0x21,0xa6,0xbe,0x32,0x34,0x65,0xfb,0x33,0x5b,0xac,0x5f,
    0x4c,0x4f,0x76,0x8d,0x62,0x90,0x19,0x11,0x84,0xc8,0xb9,0xfe,0xca,0x65,0x12,0x93,
    0xf4,0x14,0x30,0x7b,0x6d,0x79,0xc2,0x4c,0x18,0xf2,0xfa,0x9c,0xb0,0x52,0x3b,0x30,
    0x88,0x09,0xc3,0x7b,0xc9,0x29,0x69,0x13,0x65,0x93,0x7b,0x92,0x12,0xc6,0x31,0x07,
    0x5d,0x6f,0x5e,0x52,0x3e,0x35,0x16,0xc4,0xd8,0xed,0x3a,0x00,0x4c,0x3e,0xc6,0x05,
    0x77,0x78,0x6b,0xf0,0xe6,0x92,0x2b,0xcf,0xbd,0xf9,0x9a,0x38,0x93,0x06,0xbb,0x14,
    0xc8,0xcf,0x27,0x00,0xde,0xda,0xa2,0x4f,0x3f,0x31,0x02,0xf1,0x79,0x83,0xc2,0xd9,
    0xba,0x09,0x83,0x21,0x58,0x07,0x4f,0x12,0x1e,0xdc,0xd9,0x0f,0x69,0x68,0x07,0x00,
    0x7a,0xdb,0x2c,0x20,0x16,0x4b,0x16,0xbc,0xda,0x0f,0xf1,0xa3,0x1c,0x2c,0x3a,0x2b,
    0x5a,0x00,0xea,0x19,0xe7,0xb8,0x25,0xb8,0xba,0x65,0x76,0x84,0x9f,0x94,0x3a,0x56,
    0xe3,0x6f,0x7c,0x84,0x19,0xde,0xd8,0x0c,0x85,0x9b,0xcc,0x4a,0x50,0x62,0xdf,0xd9,
    0xd8,0x56,0x80,0xce,0x55,0x1c,0xde,0xeb,0x9a,0xb9,0xc0,0xb7,0xd0,0x33,0x90,0x53,
    0x74,0xf1,0x37,0xeb,0x18,0x09,0x9c,0xd5,0xcb,0x06,0x7e,0x58,0xfe,0xfc,0xd7,0xac,
    0x5e,0x3a,0xf0,0xc3,0xc5,0xdb,0xe3,0xd0,0xf5,0x81,0x42,0x83,0x9c,0xe0,0xf8,0x04,
    0x9f,0xb9,0x22,0x27,0x88,0x82,0x77,0x3f,0xbd,0x7b,0x0b,0x3c,0x1e,0x58,0x21,0x59,
    0xe2,0x55,0xcd,0xbc,0xe0,0xb7,0xf1,0xeb,0x30,0x78,0xf7,0x96,0x98,0xa9,0x97,0x12,
    0x83,0x27,0x59,0xfc,0xf3,0xbf,0x07,0x10,0x13,0x9c,0x04,0x69,0x48,0xea,0x65,0x06,
    0x3f,0x24,0x9e,0xeb,0x03,0xbb,0xd6,0x49,0xec,0xc7,0x49,0x7c,0x12,0xfd,0xfc,0xd7,
    0x7a,0xb9,0xc1,0x93,0x49,0xe2,0xbe,0xae,0x97,0x1b,0xfc,0xda,0x65,0x49,0x81,0xfb,
    0xee,0xa7,0xda,0x59,0xc1,0x3f,0xcb,0x59,0xc1,0x5a,0xc0,0x72,0x5a,0x70,0x06,0x9e,
    0xbd,0x0e,0x98,0x9a,0x13,0x3c,0x49,0x21,0x3c,0xa7,0x70,0x43,0x0a,0x57,0x37,0x25,
    0x78,0xe2,0xbf,0x7b,0xbb,0x5a,0xfc,0xfc,0x57,0x34,0x42,0x48,0x0b,0x10,0xb4,0x49,
    0x5e,0xb0,0x00,0xc6,0xbd,0xe3,0x8b,0x1f,0xad,0x77,0x7f,0xb9,0xf8,0xdb,0xeb,0x35,
    0xaa,0xd6,0x24,0x08,0x1c,0xf6,0xad,0x45,0x20,0x51,0x78,0x1d,0x78,0x8d,0x12,0x85,
    0x8b,0xff,0x02,0x65,0x93,0x77,0xff,0x66,0x41,0xc6,0xb0,0x56,0x56,0xa6,0x64,0x21,
    0x5b,0xb8,0x27,0x68,0xcc,0x3c,0x5d,0x48,0x4f,0x60,0x50,0x85,0xe4,0x25,0x3e,0xaa,
    0x9f,0x32,0xf0,0x2e,0xfc,0x9f,0xf5,0x3a,0x48,0x8f,0x9b,0xa6,0x0e,0xb9,0xec,0x4e,
    0xce,0x4e,0x2e,0xde,0xbe,0xfb,0x89,0x3a,0x82,0xc9,0xc5,0xdf,0xc2,0x8b,0x1f,0x2f,
    0x95,0x47,0x1c,0xbb,0x1e,0xa9,0x97,0x44,0xd0,0x04,0xc2,0x9a,0xc4,0x99,0x7b,0x0d,
    0x59,0xc4,0xf7,0x61,0xfc,0xee,0x27,0x18,0x90,0x45,0x98,0xfd,0xee,0x2f,0xc1,0x3c,
    0x74,0xdf,0xbd,0x8d,0x4f,0x5c,0x0f,0xba,0x78,0xf1,0xbf,0xbe,0xfb,0x92,0xd4,0xcf,
    0x29,0x22,0xee,0x26,0x1b,0x24,0x16,0x44,0xc0,0xc4,0x0d,0x93,0x0b,0x0c,0x15,0x8f,
    0xc1,0x12,0x97,0xf1,0xfc,0x6c,0xb2,0xaa,0x97,0x5a,0x7c,0x87,0x6d,0xd5,0xd4,0x60,
    0x5a,0x3b,0xb1,0xd0,0x00,0x37,0xc8,0x2b,0xbe,0x75,0xe7,0xc9,0xc5,0x5b,0xb0,0x1e,
    0x34,0x9d,0xc8,0xc5,0x40,0x0b,0xa5,0xbd,0x9e,0xfd,0x52,0x7e,0xf1,0x5d,0x12,0xfb,
    0x30,0x38,0x5c,0x6b,0x41,0x5e,0x07,0xc8,0x39,0xcc,0x45,0x41,0x83,0xec,0xe2,0x18,
    0xb2,0x03,0x24,0x3f,0x8f,0x21,0xd8,0x3a,0x83,0x04,0x21,0xf6,0x9b,0xa5,0x17,0x15,
    0x04,0x7e,0xb3,0x0c,0x23,0x72,0xa1,0xcf,0x79,0x8e,0x01,0xd7,0x10,0x32,0x2e,0xdf,
    0xfd,0x4f,0x18,0xc5,0x5e,0xbd,0x14,0xe3,0x01,0x57,0x7a,0x9c,0xc6,0x93,0x26,0xe9,
    0x85,0x02,0xf7,0xda,0x5d,0x46,0x2b,0xe3,0x80,0x2a,0xa5,0x16,0x90,0x1c,0x04,0x8b,
    0x8b,0xb7,0x21,0x76,0xfb,0x25,0xc4,0x99,0x31,0x4e,0xb7,0x8d,0x32,0x0b,0x01,0x05,
    0xc1,0x0a,0x68,0x3b,0x3b,0x49,0xa8,0xf3,0xa5,0xac,0x9c,0xd5,0xcd,0x2c,0x54,0xcd,
    0x43,0x5a,0xb1,0x5e,0xf9,0x9a,0xbc,0xa2,0x6a,0x7f,0xf5,0xb2,0x8b,0x07,0x17,0x3f,
    0x86,0xc7,0xf8,0x45,0x29,0x12,0xf8,0x32,0xe6,0x66,0xdb,0x28,0xb7,0xe8,0x81,0xf7,
    0x5c,0xa1,0xbf,0x01,0x0c,0x60,0xfd,0xb5,0x13,0x8c,0x6f,0xc9,0x4b,0xdc,0xfc,0x46,
    0x03,0x9b,0x34,0x5e,0x4d,0xe2,0xe4,0x0c,0x3a,0x48,0xd3,0x0c,0xe6,0x97,0xcf,0xac,
    0x05,0xcc,0x29,0xf1,0xaa,0x5e,0xb2,0x01,0x29,0x86,0xd2,0x9b,0x0f,0x93,0x6f,0x30,
    0x9b,0x8b,0x6f,0x46,0xbe,0x21,0xfc,0x7e,0x94,0x47,0xb5,0xf5,0x92,0x0e,0x29,0x0a,
    0x5e,0x21,0x0a,0x70,0xda,0x4d,0x33,0x0f,0xfd,0x0c,0x23,0xd0,0x9d,0xd5,0xcb,0x43,
    0xee,0x83,0xed,0xb9,0xcc,0x7d,0xae,0x8e,0xc3,0x8b,0xb7,0xbe,0x49,0x91,0x9a,0x8c,
    0xe4,0x07,0xd7,0x27,0x2f,0x79,0x46,0x12,0x91,0x49,0xdc,0x2c,0x27,0xf9,0x1e,0xe4,
    0x76,0xe2,0xc2,0xe4,0x9e,0x62,0x34,0xf0,0x72,0x71,0xf1,0x63,0x14,0xf3,0x8c,0xa0,
    0x66,0x7e,0xf2,0x2b,0x92,0x86,0x05,0x88,0x9a,0x9c,0x14,0x1f,0xa6,0xb6,0x7f,0x4b,
    0x59,0xc5,0xc0,0x4f,0x1f,0xc3,0xa0,0x3e,0xf6,0xdc,0xf0,0x69,0x16,0x27,0x10,0x1e,
    0xf7,0x66,0x24,0x7b,0x9c,0x91,0x45,0xdb,0xc6,0x97,0x76,0xc7,0xfa,0xd3,0x9f,0x2c,
    0xdb,0x7b,0x6d,0x4b,0x90,0xd3,0x55,0xc4,0x6a,0x29,0xf8,0x6d,0x41,0x67,0xf4,0x83,
    0xca,0xc2,0x4e,0x29,0xdf,0x11,0x98,0x4b,0xdf,0x7a,0x21,0x13,0x4a,0x15,0x42,0x5b,
    0x56,0x58,0xfa,0x14,0x41,0x3f,0xf6,0x56,0x0b,0xc8,0x26,0x7b,0x7f,0x5c,0x41,0x9f,
    0x9e,0xd2,0xcf,0xef,0x89,0x93,0x7b,0x61,0xd8,0xb6,0x9f,0xb3,0x55,0xa0,0x17,0x76,
    0xa7,0x37,0x8d,0x93,0x87,0xae,0x37,0x6f,0x0b,0xa6,0xda,0xa4,0xc2,0x8b,0xe8,0xed,
    0x31,0x30,0x44,0x42,0xec,0xe0,0xbd,0x2c,0x4b,0x82,0xc9,0x2a,0x23,0x6d,0x9b,0x61,
    0xb2,0x4b,0xb4,0xf1,0x27,0x98,0x5a,0xed,0x67,0xcf,0xc3,0x17,0xcf,0x8f,0x5f,0x74,
    0x10,0x0e,0x57,0x4a,0xef,0xb3,0x8f,0xce,0x06,0x44,0xfc,0x8d,0x0a,0x76,0x6e,0xea,
    0x02,0xd0,0x7c,0x18,0x12,0xbc,0xfc,0xf2,0xec,0xb1,0xcf,0xba,0x8c,0xe7,0x63,0xa0,
    0x03,0x2a,0xda,0xd0,0x3a,0x38,0x38,0xa0,0x02,0xb7,0x7e,0x09,0x69,0xee,0xb7,0xb6,
    0x05,0x23,0xfd,0xfe,0x0f,0xb6,0x01,0xaf,0xb8,0xe0,0xc8,0x7b,0x42,0xec,0x0a,0x16,
    0x2f,0xa5,0x58,0x20,0x7c,0x52,0xb1,0x6c,0x6f,0x5b,0xdf,0x2f,0xa1,0xff,0x52,0xc5,
    0x97,0x1d,0xdb,0xb2,0xe8,0xb9,0x51,0x14,0x80,0x1b,0x26,0xc4,0xf5,0xcf,0x40,0x71,
    0x60,0xde,0xfe,0xad,0xb2,0x44,0x53,0x64,0xd9,0xd8,0xc9,0xd2,0x61,0xb0,0xb2,0x8c,
    0x51,0xbe,0x80,0xe0,0xf3,0xcf,0x01,0x4d,0x0f,0xd5,0x00,0x06,0x81,0x46,0xa1,0x53,
    0x1f,0xb4,0x50,0xe5,0xa4,0x82,0xb0,0xee,0xf6,0xb1,0xb7,0xa8,0x97,0x1e,0x0b,0x23,
    0xa1,0xd3,0xe2,0x8e,0x86,0x88,0xfb,0xa6,0x51,0xa1,0x31,0x6d,0xf9,0x43,0xf8,0xac,
    0x37,0xb2,0xa5,0x53,0x09,0x4b,0xd2,0x05,0xb1,0xa2,0x74,0xe1,0xae,0xb3,0xaf,0x45,
    0x85,0x1f,0x25,0xf9,0x0c,0x1d,0x46,0x1b,0xbb,0xb0,0x45,0xd7,0x3d,0xcb,0x7d,0x44,
    0x61,0xae,0x97,0x25,0x22,0x28,0x4b,0xb0,0x2c,0x14,0xbc,0x2b,0xb7,0xa0,0xeb,0x9a,
    0xdf,0xe2,0xf2,0x1c,0xb0,0x4c,0xb1,0x58,0xb6,0xf5,0x05,0x65,0x02,0xfe,0xd8,0x94,
    0xbb,0x92,0x5d,0x80,0xa8,0x9e,0x05,0x0b,0x12,0xaf,0xb2,0x62,0x54,0xa1,0x10,0x74,
    0xc8,0x6c,0xe8,0xf3,0x96,0x35,0x74,0x1c,0xa7,0xb3,0xbf,0x56,0xa0,0x2b,0x6a,0x69,
    0x4f,0xe9,0x46,0x8a,0xdf,0xe1,0x9a,0x79,0x3b,0xf0,0x75,0x52,0x60,0x5b,0x2d,0xd6,
    0x88,0x02,0xc0,0xf6,0x2b,0x50,0xfc,0x33,0x89,0xd7,0x82,0x61,0x77,0xd9,0xe9,0x67,
    0xad,0x25,0x32,0xba,0x60,0x8d,0x1c,0x57,0x47,0x5c,0x94,0x2d,0x8f,0x36,0xec,0x51,
    0x44,0xda,0x2e,0xe7,0x1c,0xb8,0xbe,0xff,0x10,0x3f,0x6c,0xf4,0x6b,0x98,0xd6,0x49,
    0x44,0x92,0xb6,0xfd,0xe0,0xc9,0x37,0x1c,0xd1,0xd7,0x74,0x40,0x81,0xd7,0x93,0x25,
    0xac,0x30,0xf5,0xdc,0x2e,0x6a,0x10,0xd0,0xce,0x16,0xd5,0x05,0xbc,0x2e,0x0a,0x06,
    0xf4,0x4e,0xd4,0x01,0xf0,0x86,0x27,0xf7,0x78,0x29,0x52,0x5e,0xfb,0x45,0xd5,0x4b,
    0x56,0x85,0x7f,0x79,0x05,0xa8,0x22,0xec,0x08,0x09,0x55,0xbb,0x4f,0xf7,0x5c,0x94,
    0xfa,0xac,0x37,0x8c,0xfd,0x8a,0x2b,0x95,0xef,0xf1,0x3a,0xbf,0xe1,0x1b,0x12,0xaa,
    0xd4,0xd0,0x67,0xad,0x13,0xb0,0x3a,0xa6,0x65,0x94,0xd4,0x70,0x49,0x06,0xf2,0xb2,
    0xb7,0x85,0xef,0xaa,0xf4,0xb8,0x97,0xcd,0x49,0x54,0x08,0x34,0xc1,0xbe,0x24,0x04,
    0xf4,0x12,0x59,0x49,0xef,0x65,0x8a,0x04,0xb1,0x17,0x9b,0xe0,0xd0,0x8b,0xe9,0x54,
    0x21,0x84,0x8a,0xef,0x7b,0x2f,0x97,0x64,0x26,0x0a,0x75,0xd6,0x27,0xe0,0x7c,0x56,
    0x91,0x4f,0xa6,0x41,0x44,0x40,0x8b,0x46,0x97,0xc1,0xdb,0xc3,0x14,0x43,0x6d,0x95,
    0xae,0x8e,0x96,0x70,0xed,0xaf,0x27,0x4b,0xab,0x79,0x47,0x58,0xce,0xab,0x4d,0x34,
    0x2f,0x00,0x96,0xc9,0x16,0xb8,0x36,0x10,0xa5,0x15,0xc1,0xda,0xf4,0x68,0x6b,0xa0,
    0xc5,0x8f,0x93,0x03,0x35,0x19,0x0b,0xfa,0xe9,0x7e,0x67,0x03,0x41,0x5e,0x4e,0xac,
    0x4d,0x92,0xb7,0xd7,0x10,0x15,0x98,0x6a,0x91,0x2d,0x46,0x77,0x99,0xf2,0x1b,0x33,
    0x6d,0xc9,0x25,0x94,0xe4,0x5b,0xbc,0xd9,0xd7,0x0c,0x29,0x05,0x70,0xdf,0x3a,0x5f,
    0xcf,0x9a,0x70,0x35,0x0d,0x18,0xcb,0xbd,0x53,0x89,0x2d,0xf1,0x5c,0xcb,0x54,0x01,
    0xb4,0x91,0xa5,0xc2,0xe3,0x35,0x60,0x4a,0x72,0x93,0x25,0xb6,0x8a,0x37,0x5a,0xc6,
    0x64,0xc0,0xcd,0xac,0xe5,0x7b,0x31,0x1a,0x70,0x96,0xbb,0xec,0x32,0x63,0xe2,0x85,
    0x9e,0xaf,0x02,0x6c,0x23,0x5b,0x7c,0x22,0x68,0xc0,0x94,0x98,0x3a,0x4a,0x2c,0xf1,
    0xc7,0x5a,0x86,0x72,0x90,0x8d,0xec,0xb8,0xc4,0xab,0x3d,0xc2,0xa0,0xad,0x66,0x74,
    0x21,0x86,0x5a,0x23,0x4b,0xcc,0x7b,0x0d,0xba,0x9e,0x4f,0x95,0xa5,0xbe,0x8b,0xe7,
    0xda,0xce,0x17,0x40,0x9b,0x7b,0x3f,0x6b,0xd0,0xfb,0x99,0xb6,0xf7,0xb3,0xba,0xbd,
    0x3f,0x9d,0xd4,0x27,0x75,0x3a,0xd1,0x91,0x02,0x0c,0xb5,0x48,0x99,0x4e,0x8b,0xd7,
    0xa6,0x6f,0x42,0xa0,0x30,0xb5,0x96,0x54,0x3d,0x0e,0x45,0xd5,0x9c,0x15,0x6d,0x9b,
    0xb2,0x27,0xa0,0x8d,0x5c,0xa9,0xe8,0x1b,0xb2,0x44,0x6b,0xbd,0x4d,0x59,0x62,0x05,
    0xe2,0x8d,0xfc,0xd0,0x66,0x1b,0xf8,0x51,0x8f,0x15,0xd7,0x66,0x44,0x05,0xab,0xb2,
    0xa2,0xbe,0x6f,0x28,0x13,0x51,0xa0,0x6c,0x2a,0x16,0x01,0x57,0x1e,0xc6,0x26,0xfc,
    0xf5,0xd8,0x92,0x4f,0xca,0x1e,0xe1,0x1e,0x98,0xda,0x6c,0xc9,0x90,0x06,0x9e,0x2a,
    0xc8,0x1b,0xf1,0x44,0x22,0xff,0x52,0x1c,0x01,0xdc,0x7a,0x7e,0x04,0xe2,0x0d,0xdc,
    0x94,0xcf,0x2a,0x36,0xf6,0x00,0x65,0x04,0x55,0x43,0x32,0x91,0xa8,0xc7,0x59,0x51,
    0x37,0x3f,0x2a,0x76,0xf0,0x34,0x64,0xae,0xc0,0x21,0xc9,0xec,0x1b,0x37,0x9b,0xf7,
    0xe8,0x29,0x8c,0xcd,0xf4,0x7e,0x81,0xdf,0x70,0xdd,0x69,0x2a,0xca,0xc6,0x83,0xa0,
    0x54,0xdd,0x2f,0x2b,0xd8,0x48,0xa0,0x91,0x83,0xc8,0x8b,0xf8,0x4d,0x3c,0x45,0x09,
    0xb4,0x12,0xf4,0xe8,0x29,0x6c,0xe6,0x2b,0x3f,0x1f,0x85,0x2b,0x1b,0xf8,0xa5,0x54,
    0x4d,0x98,0xca,0x81,0x35,0xec,0x54,0x10,0x6f,0xe6,0x85,0x33,0x3f,0x5d,0xa6,0x4d,
    0x98,0x80,0xe6,0x1a,0xf2,0x05,0xae,0x4d,0xde,0x40,0x5a,0x12,0xa8,0xef,0x2c,0x25,
    0x20,0xcd,0x1c,0x22,0xbd,0xad,0x43,0x9d,0xad,0x27,0x34,0x23,0xce,0xd7,0x20,0xca,
    0x1e,0xa8,0x78,0x55,0x87,0x30,0xae,0x4b,0x34,0x23,0x4b,0x57,0x32,0x74,0x44,0xf1,
    0x45,0x95,0xa4,0x2e,0x79,0xf7,0xdc,0x4c,0x29,0x36,0x27,0x34,0xef,0x87,0x51,0x9f,
    0xc6,0x21,0x61,0xdf,0xc2,0xd2,0xb6,0x1f,0xb9,0x01,0xea,0x03,0x22,0x0d,0xac,0x41,
    0xf0,0xa2,0xea,0xd8,0xde,0xb2,0xb0,0xf9,0xbe,0x5a,0xbe,0x90,0x6b,0x0d,0xf2,0x7e,
    0xdb,0x8f,0x52,0x70,0x78,0xef,0x9a,0xae,0x8c,0x28,0x48,0x9f,0x62,0x65,0xd6,0xfa,
    0xe4,0x13,0x2a,0xe8,0x7c,0xf2,0xe5,0xf0,0xc4,0x30,0xa6,0xca,0x95,0x5d,0x8e,0xe7,
    0x97,0xb4,0xbe,0x3b,0xb6,0x6c,0xc7,0x36,0xc2,0xa9,0x85,0x3a,0x01,0xf7,0xec,0x39,
    0xd6,0x77,0xd4,0xa2,0xb0,0x78,0xa0,0xa9,0x0b,0x4b,0xf8,0xe8,0x81,0xbb,0x1e,0xfb,
    0x6a,0x5d,0x89,0x8f,0x4f,0xfb,0x7b,0xee,0x70,0xc7,0xa5,0xdc,0x7c,0xea,0x7b,0x83,
    0xbd,0xc1,0x9e,0xbd,0xc1,0x60,0x8b,0xc8,0x63,0xee,0x66,0x47,0xc1,0x3a,0x4b,0xe5,
    0x1b,0x2f,0xca,0x76,0x5a,0xc6,0x70,0x29,0x73,0x05,0xbd,0x1b,0xeb,0x68,0x45,0xbd,
    0xba,0xfa,0x41,0x5d,0xba,0x6a,0x35,0x5d,0xe9,0xaa,0x61,0x29,0xa2,0x23,0xbd,0x2c,
    0x09,0x16,0x6d,0x4d,0xed,0x96,0x2e,0x94,0x1d,0xd4,0x16,0x88,0x16,0x0f,0x0a,0xfa,
    0x13,0xc6,0xd2,0xe7,0x9f,0x5b,0x9f,0x60,0x7b,0x1c,0x1e,0x45,0xe9,0x3d,0xd7,0xb9,
    0xb2,0x72,0xb7,0x65,0xd9,0x84,0xd5,0x72,0xf6,0xf9,0x50,0x2a,0x67,0x72,0xc8,0xe0,
    0xd2,0x3d,0xa3,0xe3,0xf8,0x00,0xa4,0x57,0x25,0x4b,0xa9,0x76,0x44,0xa3,0x42,0x4f,
    0x93,0x38,0x3b,0x12,0x42,0xa2,0x7f,0xab,0xa0,0x8c,0xcd,0x0a,0x24,0xd7,0x30,0xc0,
    0xe1,0x55,0x55,0x60,0x30,0x57,0xce,0x7f,0xc5,0xbe,0x66,0xe9,0xc0,0x4a,0x49,0x9a,
    0x82,0xd6,0x2a,0xab,0x77,0x9e,0xbb,0xb8,0x07,0xed,0xf8,0x02,0x9e,0x5d,0xc5,0xc2,
    0xbe,0x0c,0x29,0xc5,0x5e,0xb1,0x13,0x2c,0x20,0xf0,0xee,0xb3,0xb3,0x25,0xb1,0xc1,
    0xac,0xb1,0x36,0xca,0x4f,0x25,0x6c,0xa3,0x6b,0xb1,0x2d,0x4d,0xcf,0x0b,0x3e,0x3a,
    0x02,0xdb,0x73,0xdc,0xd6,0x44,0xcf,0xe8,0xb0,0x89,0xfe,0x05,0x2e,0x14,0xd0,0x13,
    0x49,0x74,0xd5,0xa1,0x80,0xd8,0xdf,0xe8,0x00,0xb7,0x80,0xaf,0x05,0x01,0x64,0xb8,
    0xd6,0xfd,0xdd,0x93,0xa7,0xcf,0xe0,0x09,0xa7,0x32,0x16,0x17,0x5b,0x16,0x9e,0x48,
    0x1d,0x5b,0xbf,0x7e,0xfa,0xe4,0x5b,0x18,0xad,0x49,0x10,0xcd,0x20,0x78,0x6d,0x73,
    0x89,0x76,0xca,0x43,0xe2,0x32,0x1e,0xb4,0x0c,0x43,0xd2,0x55,0xa8,0x5f,0xa2,0xca,
    0x6d,0x8d,0xb5,0xe9,0xc5,0xc7,0xb2,0xf3,0x51,0xd6,0xae,0x65,0x27,0x24,0x2d,0x43,
    0x6f,0x59,0x32,0xa8,0xcd,0xbf,0x3b,0x8c,0x2d,0xde,0x71,0x33,0xd5,0x16,0xde,0x73,
    0xa8,0x6b,0xf7,0xeb,0x15,0xe7,0x0c,0x4e,0xb9,0xa6,0x3b,0x56,0xdd,0x70,0x4d,0x9f,
    0x9b,0xfb,0x5a,0x7d,0xfb,0xda,0xce,0x07,0x51,0x69,0x70,0x9c,0xdf,0x5a,0xe3,0x40,
    0x0d,0x73,0x7d,0xa1,0x67,0xb6,0x6f,0x79,0x4c,0x2d,0x9b,0x6a,0xaf,0x70,0x26,0xe7,
    0x1b,0x56,0xc3,0xe4,0x33,0x8d,0x1a,0xe7,0x8a,0x32,0xae,0x1c,0x30,0xc4,0x1f,0xb9,
    0x78,0x3f,0x06,0xcf,0x91,0xa4,0xe4,0x71,0x94,0xb5,0xeb,0xae,0x01,0x74,0xaa,0x5b,
    0x09,0x8a,0xba,0x7c,0x1d,0x7c,0x95,0xf2,0xbe,0x06,0x23,0xdf,0xd2,0x5b,0xb7,0x64,
    0xaf,0xd9,0xab,0x23,0xf6,0xf7,0xd6,0x2f,0xc1,0x6b,0xb6,0xa7,0x48,0x1b,0x78,0x37,
    0xf7,0xab,0x5a,0x57,0xd7,0x74,0xac,0xd8,0xdf,0xbb,0x19,0x61,0xb9,0x1e,0xae,0x41,
    0x27,0xef,0xfa,0xdd,0x8c,0xb0,0x5a,0xcb,0xd6,0xa1,0x2c,0x76,0x04,0xd7,0xc0,0x58,
    0xae,0x41,0x6b,0x10,0xe6,0x5b,0x85,0x37,0xa3,0x2b,0x55,0x8f,0x35,0xc8,0xe8,0x06,
    0xe0,0x7a,0x45,0x5f,0x1d,0xb0,0xd8,0xbf,0xbb,0x99,0x95,0x72,0x35,0x57,0xc7,0xcb,
    0x6c,0x2d,0x2f,0xb3,0xf5,0xbc,0xe0,0x4e,0xde,0x7a,0x45,0xd5,0x2a,0xb0,0xa9,0x92,
    0x39,0x7e,0x9f,0x32,0xa9,0x91,0x8c,0x5a,0x9a,0x1c,0x5f,0xa2,0xd6,0xb9,0x19,0x35,
    0xdf,0xcc,0xda,0xb0,0x66,0xa9,0xb1,0x5e,0xa5,0x0c,0x30,0x6e,0x5e,0x7b,0xdc,0xcc,
    0x6a,0xb1,0xf1,0x75,0xb3,0x15,0x19,0x6a,0x8a,0x1d,0x23,0x95,0x4a,0x29,0xaf,0x0e,
    0x15,0x5d,0x89,0x70,0x23,0x09,0x51,0x9d,0x6b,0x40,0x40,0xaa,0xf8,0x69,0xd0,0x9b,
    0x8a,0x6c,0xe3,0xcb,0x54,0xee,0x8c,0xe8,0x75,0xc5,0xb1,0x3a,0x5d,0x30,0xd6,0xe1,
    0x3a,0xd6,0x36,0x96,0xd6,0x7a,0x4e,0x8d,0x1e,0x35,0x51,0xbd,0xa1,0x92,0xd6,0xd9,
    0x64,0xb3,0xd2,0x0e,0xd7,0x1a,0xfe,0xd7,0x58,0x17,0xd3,0xd3,0xa9,0xd4,0xa4,0x6a,
    0x12,0xa9,0xd4,0xb9,0xf4,0xe8,0x8b,0x9a,0x53,0x4d,0xbc,0x52,0xe9,0x4a,0x67,0xb0,
    0xca,0x66,0xd5,0x86,0xb5,0x28,0x03,0x3a,0xb1,0x93,0xb5,0x49,0x71,0xc9,0x80,0x8a,
    0xed,0x71,0xad,0xe1,0x04,0xca,0x75,0x23,0x35,0x46,0x3c,0x2f,0x55,0x72,0xfe,0x71,
    0xd2,0x33,0xfd,0x66,0x98,0xfc,0x2c,0xe1,0xe5,0x93,0x33,0x56,0x7f,0xda,0x9c,0x99,
    0xe9,0x33,0x9d,0x1e,0xdf,0xa1,0x88,0xeb,0x93,0x3b,0x4e,0x7f,0x5d,0xc2,0xb3,0xc2,
    0xa3,0x00,0x74,0xa3,0x6c,0x9e,0xfd,0x4b,0x3b,0x6f,0xb5,0x82,0x57,0xb2,0x7e,0x23,
    0x38,0x6e,0xbb,0xdd,0x08,0x8e,0xa9,0x2c,0x7e,0x06,0x01,0xe4,0x77,0xed,0x15,0x6e,
    0x3d,0x1b,0xa3,0x84,0x97,0xa6,0xbc,0x4a,0x35,0x93,0xb4,0x6c,0x26,0x5b,0x14,0x9f,
    0x01,0x98,0xa7,0xb0,0x3a,0x25,0x19,0x3f,0xff,0xa6,0xa4,0x3c,0x63,0xbb,0x5c,0xa9,
    0x75,0xac,0x70,0xcb,0x2a,0xd9,0xd7,0x58,0xb6,0x2e,0x2a,0x91,0x73,0x33,0x29,0xb3,
    0xb5,0x68,0x41,0xce,0x3b,0x65,0xa3,0x19,0xc8,0xf9,0xfc,0x40,0x4a,0xe8,0x37,0x25,
    0x7e,0x92,0x10,0xf3,0x3a,0xc0,0xda,0xcc,0xf0,0xd2,0x35,0x01,0x48,0x9e,0xe8,0x29,
    0x68,0x30,0x1e,0xb5,0x00,0x40,0xcb,0x02,0x79,0xfe,0xcf,0x33,0xff,0x5a,0x45,0x80,
    0x5a,0x59,0xeb,0x1a,0xce,0xcc,0x59,0xac,0x79,0xff,0x9d,0xf8,0x4e,0x6e,0xfe,0xc1,
    0x38,0x77,0xb7,0xd9,0xb7,0x71,0xdf,0xdd,0x9e,0x67,0x8b,0xf0,0xf0,0xd6,0xff,0x03,
    0x47,0x7d,0x06,0x8e,0x6f,0x97,0x00,0x00
};
const size_t SETTINGS_HTML_GZ_LEN = sizeof(SETTINGS_HTML_GZ);

// Handler: Main page - HTML GUI
static esp_err_t index_handler(httpd_req_t *req) {
    httpd_resp_set_type(req, "text/html");
    httpd_resp_set_hdr(req, "Content-Encoding", "gzip");
    return httpd_resp_send(req, (const char*)INDEX_HTML_GZ, INDEX_HTML_GZ_LEN);
}

// Handler: Single JPEG frame (reads from ring buffer -- no direct esp_camera_fb_get!)
static esp_err_t frame_handler(httpd_req_t *req) {
    int idx = getLatestFrameIndex();
    if (idx < 0) {
        Serial.println("Camera frame not available yet");
        httpd_resp_set_type(req, "application/json");
        httpd_resp_send_err(req, HTTPD_500_INTERNAL_SERVER_ERROR, "{\"error\":\"frame_not_available\"}");
        return ESP_FAIL;
    }

    // Exponential backoff retry: 5/10/20 ms — covers a captureTask write window
    // even when motion + person are also holding readers.
    bool acquired = acquireFrameReader(idx);
    if (!acquired) {
        const int retry_delays_ms[] = {5, 10, 20};
        for (int i = 0; i < 3 && !acquired; i++) {
            vTaskDelay(pdMS_TO_TICKS(retry_delays_ms[i]));
            idx = getLatestFrameIndex();
            if (idx < 0) break;
            acquired = acquireFrameReader(idx);
        }
        if (!acquired) {
            httpd_resp_set_type(req, "application/json");
            httpd_resp_send_err(req, HTTPD_500_INTERNAL_SERVER_ERROR, "{\"error\":\"frame_busy\"}");
            return ESP_FAIL;
        }
    }

    // Validate frame data
    if (frameBuffers[idx].data == NULL || frameBuffers[idx].len == 0) {
        releaseFrameReader(idx);
        Serial.println("Ring buffer frame empty");
        httpd_resp_set_type(req, "application/json");
        httpd_resp_send_err(req, HTTPD_500_INTERNAL_SERVER_ERROR, "{\"error\":\"frame_empty\"}");
        return ESP_FAIL;
    }

    httpd_resp_set_type(req, "image/jpeg");
    httpd_resp_set_hdr(req, "Content-Disposition", "inline; filename=capture.jpg");
    httpd_resp_set_hdr(req, "Access-Control-Allow-Origin", "*");

    esp_err_t res = httpd_resp_send(req, (const char *)frameBuffers[idx].data,
                                     frameBuffers[idx].len);

    releaseFrameReader(idx);
    return res;
}

// Global variables for client tracking (atomic for thread safety across httpd workers)
static int active_stream_clients = 0;
static int active_detection_clients = 0;
const int MAX_STREAM_CLIENTS = 2;  // Max clients pro GUI stream
const int MAX_DETECTION_CLIENTS = 2;  // Increased to allow two detection clients (e.g., a8.py and test script)

// Helper: set send timeout on HTTP stream socket
static void setStreamSocketTimeout(httpd_req_t *req, int timeout_ms = 500) {
    int sockfd = httpd_req_to_sockfd(req);
    struct timeval send_timeout;
    send_timeout.tv_sec = timeout_ms / 1000;
    send_timeout.tv_usec = (timeout_ms % 1000) * 1000;
    if (setsockopt(sockfd, SOL_SOCKET, SO_SNDTIMEO, &send_timeout, sizeof(send_timeout)) < 0) {
        Serial.println("Failed to set socket send timeout");
    }
}

// Helper function to set CORS headers
static void set_cors_headers(httpd_req_t *req) {
    httpd_resp_set_hdr(req, "Access-Control-Allow-Origin", "*");
    httpd_resp_set_hdr(req, "Access-Control-Allow-Methods", "GET, POST, OPTIONS");
    httpd_resp_set_hdr(req, "Access-Control-Allow-Headers", "Content-Type, Authorization");
    httpd_resp_set_hdr(req, "Access-Control-Max-Age", "86400"); // Cache preflight for 24 hours
}

// Handler: HEAD request for streams (checks availability)
static esp_err_t stream_head_handler(httpd_req_t *req) {
    httpd_resp_set_type(req, "multipart/x-mixed-replace;boundary=" PART_BOUNDARY);
    httpd_resp_set_hdr(req, "Access-Control-Allow-Origin", "*");
    httpd_resp_set_status(req, "200 OK");
    httpd_resp_send(req, NULL, 0);
    return ESP_OK;
}

// Generic Video Stream Handler to reduce duplication
static esp_err_t generic_video_stream_handler(httpd_req_t *req, int *active_clients, int max_clients, const char* stream_name, bool limit_fps) {
    esp_err_t res = ESP_OK;
    char part_buf[64];

    // Client limit check (atomic read)
    int current_count = __atomic_load_n(active_clients, __ATOMIC_SEQ_CST);
    if (current_count >= max_clients) {
        Serial.printf("⚠️  %s: Max clients reached, rejecting new connection\n", stream_name);
        char log_msg[128];
        snprintf(log_msg, sizeof(log_msg), "%s: Max clients reached, connection rejected", stream_name);
        send_udp_log("WARN", log_msg);
        httpd_resp_set_status(req, "429 Too Many Requests");
        httpd_resp_send(req, "Too many clients connected", HTTPD_RESP_USE_STRLEN);
        return ESP_FAIL;
    }

    __atomic_fetch_add(active_clients, 1, __ATOMIC_SEQ_CST);
    current_count = __atomic_load_n(active_clients, __ATOMIC_SEQ_CST);
    Serial.printf("✅ %s connected (clients: %d/%d)\n", stream_name, current_count, max_clients);

    char connect_msg[128];
    snprintf(connect_msg, sizeof(connect_msg), "%s connected (clients: %d/%d)",
             stream_name, *active_clients, max_clients);
    send_udp_log("INFO", connect_msg);

    res = httpd_resp_set_type(req, _STREAM_CONTENT_TYPE);
    if (limit_fps) {
        set_cors_headers(req);
        httpd_resp_set_hdr(req, "X-Framerate", "30");
    } else {
        httpd_resp_set_hdr(req, "Access-Control-Allow-Origin", "*");
    }
    
    httpd_resp_set_hdr(req, "Content-Disposition", "inline; filename=stream.mjpeg");

    if(res != ESP_OK) {
        __atomic_fetch_sub(active_clients, 1, __ATOMIC_SEQ_CST);
        return res;
    }

    // Set socket send timeout
    setStreamSocketTimeout(req, 500);

    // Zero-Copy Ring Buffer Implementation
    // No local buffer allocation needed!

    unsigned long frame_count = 0;
    unsigned long my_last_timestamp = 0;

    while(true) {
        // Wait for new frame
        bool new_frame = false;
        unsigned long wait_start = millis();
        int frame_idx = -1;

        while (!new_frame) {
            // Check timeout (if no frame for 2s, abort)
            if (millis() - wait_start > 2000) {
                break;
            }
            
            // Check if new frame available in Ring Buffer (CAS-safe reader)
            int idx = getLatestFrameIndex();
            if (idx >= 0 && frameBuffers[idx].timestamp > my_last_timestamp) {
                if (acquireFrameReader(idx)) {
                    frame_idx = idx;
                    my_last_timestamp = frameBuffers[idx].timestamp;
                    new_frame = true;
                }
            }
            
            if (!new_frame) {
                vTaskDelay(5); // Wait a bit
            }
        }

        if (!new_frame) {
            Serial.println("⚠️ MJPEG: No frame from capture task");
            res = ESP_FAIL;
            break;
        }

        // Send boundary
        res = httpd_resp_send_chunk(req, _STREAM_BOUNDARY, strlen(_STREAM_BOUNDARY));
        if(res == ESP_OK) {
            // Send header with length
            size_t hlen = snprintf((char *)part_buf, 64, _STREAM_PART, frameBuffers[frame_idx].len);
            res = httpd_resp_send_chunk(req, (const char *)part_buf, hlen);
        }
        
        if(res == ESP_OK) {
            // Send frame data directly from Ring Buffer (Zero-Copy!)
            res = httpd_resp_send_chunk(req, (const char *)frameBuffers[frame_idx].data, frameBuffers[frame_idx].len);
        }

        // Release frame reader reference
        releaseFrameReader(frame_idx);

        if(res != ESP_OK) {
            Serial.println("Stream send failed (timeout or disconnect)");
            // FIXED: Force close socket on error to prevent socket leak
            // Half-open sockets can accumulate after timeouts, exhausting available sockets
            int sockfd = httpd_req_to_sockfd(req);
            if (sockfd >= 0) {
                httpd_sess_trigger_close(stream_httpd, sockfd);
            }
            break;
        }
        
        if (limit_fps) {
            // Precise timing handled by capture task, but we can yield here
            // vTaskDelay(pdMS_TO_TICKS(1));
            // Actually, for detection stream we might want to limit rate if client is slow
             vTaskDelay(pdMS_TO_TICKS(33));
        }

        // Reset WDT periodically (every 30 frames = ~1 second at 30 FPS)
        if (frame_count % 30 == 0) {
            esp_task_wdt_reset();
        }

        frame_count++;
    }
    
    __atomic_fetch_sub(active_clients, 1, __ATOMIC_SEQ_CST);
    int remaining = __atomic_load_n(active_clients, __ATOMIC_SEQ_CST);
    Serial.printf("🔌 %s disconnected (clients: %d/%d, frames: %lu)\n", stream_name, remaining, max_clients, frame_count);

    char disconnect_msg[128];
    snprintf(disconnect_msg, sizeof(disconnect_msg), "%s disconnected (clients: %d/%d, frames: %lu)",
             stream_name, remaining, max_clients, frame_count);
    send_udp_log("INFO", disconnect_msg);
    
    return res;
}

// Handler: MJPEG stream (port 81, /stream)
// Full-speed stream for web dashboard — sends frames as fast as captureTask produces them.
// Separate client counter from detection stream so GUI and Python don't steal each other's slots.
static esp_err_t stream_handler(httpd_req_t *req) {
    return generic_video_stream_handler(req, &active_stream_clients, MAX_STREAM_CLIENTS, "GUI Stream", false);
}

// Handler: Rate-limited MJPEG stream (port 81, /detection-stream)
// Capped at ~30 FPS (33ms delay) to avoid overwhelming Python clients (A12_System).
// Full CORS headers for cross-origin fetch. Same ring buffer, separate client counter.
static esp_err_t detection_stream_handler(httpd_req_t *req) {
    return generic_video_stream_handler(req, &active_detection_clients, MAX_DETECTION_CLIENTS, "Detection stream", true);
}

static esp_err_t status_handler(httpd_req_t *req) {
    char json_response[3712];

    String ip = WiFi.localIP().toString();
    if (WiFi.getMode() == WIFI_AP) {
        ip = WiFi.softAPIP().toString();
    }

    size_t max_alloc_heap = ESP.getMaxAllocHeap();
    int total_clients = active_stream_clients + active_detection_clients;
    
    // Uptime formatting
    unsigned long uptime_sec = (unsigned long)(esp_timer_get_time() / 1000000);
    unsigned long uptime_days = uptime_sec / 86400;
    unsigned long uptime_hours = (uptime_sec % 86400) / 3600;
    unsigned long uptime_mins = (uptime_sec % 3600) / 60;
    
    // Flash info
    uint32_t flash_size = ESP.getFlashChipSize();
    uint32_t flash_used = ESP.getSketchSize();

#ifdef INCLUDE_TELEGRAM
    uint32_t telegram_queue_depth = getTelegramQueueDepth();
    uint32_t telegram_drops = getTelegramDropCount();
    uint32_t telegram_sent = getTelegramSentCount();
    uint32_t telegram_fail = getTelegramFailCount();
    bool telegram_uploading = isTelegramUploadInProgress();
    bool telegram_queue_ready = isTelegramQueueReady();
    bool telegram_task_ready = isTelegramTaskReady();
#else
    uint32_t telegram_queue_depth = 0;
    uint32_t telegram_drops = 0;
    uint32_t telegram_sent = 0;
    uint32_t telegram_fail = 0;
    bool telegram_uploading = false;
    bool telegram_queue_ready = false;
    bool telegram_task_ready = false;
#endif

    // Acquire settings mutex for thread-safe config read
    if (settings_mutex) {
        xSemaphoreTake(settings_mutex, pdMS_TO_TICKS(100)); // 100ms timeout
    }

    // Get IR Config for Lux reading
    IRConfig irCfg = getIRConfig();
    PersonDetectionResult lastPersonResult = personDetector.getLastResult();

    sensor_t * s = esp_camera_sensor_get();
    if (s != NULL) {
        snprintf(json_response, sizeof(json_response),
            "{\"ip\":\"%s\",\"uptime\":\"%lud %luh %lum\",\"uptime_seconds\":%lu,\"uptime_days\":%lu,\"uptime_hours\":%lu,"
            "\"free_heap\":%u,\"max_alloc_heap\":%u,\"free_psram\":%u,"
            "\"flash_size\":%u,\"flash_used\":%u,\"flash_usage_pct\":%.1f,"
            "\"wifi_rssi\":%d,\"clients\":%d,\"stream_clients\":%d,\"detection_clients\":%d,"
            "\"vflip\":%d,\"hmirror\":%d,\"jpeg_quality\":%d,\"frame_size\":%d,"
            "\"brightness\":%d,\"contrast\":%d,\"saturation\":%d,\"sharpness\":%d,\"denoise\":%d,"
            "\"aec\":%d,\"ae_level\":%d,\"agc\":%d,\"awb\":%d,\"ambient_light_lux\":%.2f,\"ir_led\":%d,"
            "\"motion_detection_enabled\":%d,\"motion_telegram_photo\":%d,\"motion_telegram_video\":%d,\"motion_telegram_cooldown\":%d,"
            "\"motion_notify_start_hour\":%d,\"motion_notify_end_hour\":%d,"
            "\"person_detection_enabled\":%d,\"person_telegram_photo\":%d,\"person_confidence_threshold\":%.2f,\"person_detection_cooldown\":%d,\"person_recheck_interval\":%d,"
            "\"person_last_detected\":%s,\"person_last_confidence\":%.2f,\"person_last_detections\":%d,"
            "\"person_last_inference_ms\":%lu,\"person_last_decision\":\"%s\","
            "\"sd_total_mb\":%llu,\"sd_used_mb\":%llu,"
            "\"is_recording\":%s,\"camera_profile\":\"%s\","
            "\"chip_temp_c\":%.1f,\"wifi_channel\":%d,"
            "\"stream_fps\":%d,\"psram_usage_pct\":%.1f,"
            "\"telegram_queue_depth\":%u,\"telegram_queue_ready\":%s,\"telegram_task_ready\":%s,\"telegram_uploading\":%s,\"telegram_sent\":%u,\"telegram_fail\":%u,\"telegram_drops\":%u,"
            "\"version\":\"%s\"}",
            ip.c_str(),
            uptime_days, uptime_hours, uptime_mins,
            uptime_sec,
            uptime_days, uptime_hours,
            ESP.getFreeHeap(), max_alloc_heap, ESP.getFreePsram(),
            flash_size, flash_used, (float)flash_used/flash_size*100,
            WiFi.RSSI(), total_clients, active_stream_clients, active_detection_clients,
            s->status.vflip, s->status.hmirror, s->status.quality, s->status.framesize,
            s->status.brightness, s->status.contrast, s->status.saturation,
            s->status.sharpness, s->status.denoise,
            s->status.aec, s->status.ae_level, s->status.agc, s->status.awb,
            irCfg.last_lux_reading, irCfg.ir_led_current_state,
            config.motion_detection_enabled ? 1 : 0,
            config.motion_telegram_photo ? 1 : 0,
            config.motion_telegram_video ? 1 : 0,
            config.motion_telegram_cooldown,
            config.motion_notify_start_hour,
            config.motion_notify_end_hour,
            config.person_detection_enabled ? 1 : 0,
            config.person_telegram_photo ? 1 : 0,
            config.person_confidence_threshold,
            config.person_detection_cooldown,
            config.person_recheck_interval,
            lastPersonResult.detected ? "true" : "false",
            lastPersonResult.confidence,
            lastPersonResult.num_detections,
            lastPersonResult.inference_ms,
            g_personLastDecision == 2 ? "CONFIDENT" : g_personLastDecision == 1 ? "UNCERTAIN" : "NONE",
            SD.cardSize() / (1024 * 1024),
            SD.usedBytes() / (1024 * 1024),
            is_recording ? "true" : "false",
            getCameraProfileString(),
            temperatureRead(),
            WiFi.channel(),
            15,  // capture FPS (approximate)
            ESP.getPsramSize() > 0 ? (float)(ESP.getPsramSize() - ESP.getFreePsram()) / ESP.getPsramSize() * 100.0f : 0.0f,
            telegram_queue_depth, telegram_queue_ready ? "true" : "false", telegram_task_ready ? "true" : "false", telegram_uploading ? "true" : "false", telegram_sent, telegram_fail, telegram_drops,
            config.version.c_str()
        );
    } else {
        snprintf(json_response, sizeof(json_response),
            "{\"ip\":\"%s\",\"uptime\":\"%lud %luh %lum\",\"uptime_seconds\":%lu,\"uptime_days\":%lu,\"uptime_hours\":%lu,"
            "\"free_heap\":%u,\"max_alloc_heap\":%u,\"free_psram\":%u,"
            "\"flash_size\":%u,\"flash_used\":%u,"
            "\"wifi_rssi\":%d,\"clients\":%d,\"error\":\"camera_sensor_null\"}",
            ip.c_str(),
            uptime_days, uptime_hours, uptime_mins,
            uptime_sec,
            uptime_days, uptime_hours,
            ESP.getFreeHeap(), max_alloc_heap, ESP.getFreePsram(),
            flash_size, flash_used,
            WiFi.RSSI(), total_clients
        );
    }

    // Release mutex
    if (settings_mutex) {
        xSemaphoreGive(settings_mutex);
    }

    httpd_resp_set_type(req, "application/json");
    httpd_resp_set_hdr(req, "Access-Control-Allow-Origin", "*");
    httpd_resp_set_hdr(req, "Cache-Control", "no-store, no-cache, must-revalidate, max-age=0");
    httpd_resp_set_hdr(req, "Pragma", "no-cache");
    httpd_resp_set_hdr(req, "Connection", "close");
    
    return httpd_resp_send(req, json_response, HTTPD_RESP_USE_STRLEN);
}

// Handler: Settings HTML page
static esp_err_t settings_page_handler(httpd_req_t *req) {
    httpd_resp_set_type(req, "text/html");
    httpd_resp_set_hdr(req, "Content-Encoding", "gzip");
    return httpd_resp_send(req, (const char*)SETTINGS_HTML_GZ, SETTINGS_HTML_GZ_LEN);
}

// Handler: Settings page (GET) - Returns current camera settings as JSON
static esp_err_t settings_get_handler(httpd_req_t *req) {
    Serial.println("Settings GET handler called! Returning JSON.");
    
    // Acquire mutex for thread-safe config read
    if (settings_mutex) {
        xSemaphoreTake(settings_mutex, pdMS_TO_TICKS(100)); // 100ms timeout
    }

    sensor_t * s = esp_camera_sensor_get();
    // FIXED: Use StaticJsonDocument to avoid heap fragmentation
    StaticJsonDocument<2048> doc;

    if (s != NULL) {
        doc["jpeg_quality"] = s->status.quality;
        doc["frame_size"] = s->status.framesize;
        doc["vflip"] = s->status.vflip;
        doc["hmirror"] = s->status.hmirror;
        doc["brightness"] = s->status.brightness;
        doc["contrast"] = s->status.contrast;
        doc["saturation"] = s->status.saturation;
        doc["sharpness"] = s->status.sharpness;
        doc["denoise"] = s->status.denoise;
        doc["aec"] = s->status.aec;
        doc["ae_level"] = s->status.ae_level;
        doc["agc"] = s->status.agc;
        doc["awb"] = s->status.awb;
        doc["awb_gain"] = s->status.awb_gain;
        doc["wb_mode"] = s->status.wb_mode;
        doc["aec_value"] = s->status.aec_value;
        doc["gainceiling"] = s->status.gainceiling;
        doc["version"] = config.version.c_str(); // Add firmware version
    } else {
        doc["error"] = "Camera sensor unavailable";
    }

    // Motion → Telegram settings (always available, independent of camera sensor)
    doc["motion_detection_enabled"] = config.motion_detection_enabled;
    doc["motion_telegram_photo"] = config.motion_telegram_photo;
    doc["motion_telegram_video"] = config.motion_telegram_video;
    doc["motion_telegram_cooldown"] = config.motion_telegram_cooldown;
    doc["motion_notify_start_hour"] = config.motion_notify_start_hour;
    doc["motion_notify_end_hour"] = config.motion_notify_end_hour;

    // Person Detection (AI FOMO) settings
    doc["person_detection_enabled"] = config.person_detection_enabled;
    doc["person_telegram_photo"] = config.person_telegram_photo;
    doc["person_confidence_threshold"] = config.person_confidence_threshold;
    doc["person_detection_cooldown"] = config.person_detection_cooldown;
    doc["person_recheck_interval"] = config.person_recheck_interval;

    // SD Card auto-recording settings
    doc["sd_auto_record"] = config.sd_auto_record;
    doc["sd_auto_record_duration"] = config.sd_auto_record_duration;
    doc["sd_max_usage_percent"] = config.sd_max_usage_percent;
    doc["sd_record_fps"] = config.sd_record_fps;

    // MQTT settings
    doc["mqtt_enabled"] = config.mqtt_enabled;
    doc["mqtt_server"] = config.mqtt_server;
    doc["mqtt_port"] = config.mqtt_port;

    // Release mutex
    if (settings_mutex) {
        xSemaphoreGive(settings_mutex);
    }

    String response;
    serializeJson(doc, response);

    httpd_resp_set_type(req, "application/json");
    httpd_resp_set_hdr(req, "Access-Control-Allow-Origin", "*");
    return httpd_resp_sendstr(req, response.c_str());
}

// Handler: Settings update (POST)
static esp_err_t settings_post_handler(httpd_req_t *req) {
    if (check_basic_auth(req) != ESP_OK) return ESP_OK;

    Serial.println("Settings POST handler called!");

    // Allocate buffer on heap to save stack
    char* buf = (char*)malloc(1024);
    if (!buf) {
        Serial.println("ERROR: Failed to allocate buffer");
        httpd_resp_send_500(req);
        return ESP_FAIL;
    }
    
    int ret, remaining = req->content_len;

    Serial.printf("Content length: %d bytes\n", remaining);

    // Buffer overflow protection
    if (remaining >= 1024) {
        Serial.println("ERROR: Request too large!");
        free(buf);
        httpd_resp_send_500(req);
        return ESP_FAIL;
    }

    ret = httpd_req_recv(req, buf, remaining);
    if (ret <= 0) {
        Serial.printf("ERROR: Failed to receive data, ret=%d\n", ret);
        if (ret == HTTPD_SOCK_ERR_TIMEOUT) {
            httpd_resp_send_408(req);
        }
        free(buf);
        return ESP_FAIL;
    }
    buf[ret] = '\0';

    Serial.printf("Received JSON: %s\n", buf);

    // Acquire mutex before parsing and applying settings
    if (settings_mutex && xSemaphoreTake(settings_mutex, portMAX_DELAY) != pdTRUE) {
        Serial.println("ERROR: Failed to acquire settings mutex");
        free(buf);
        httpd_resp_send_500(req);
        return ESP_FAIL;
    }

    // FIXED: Use StaticJsonDocument to avoid heap fragmentation
    StaticJsonDocument<2048> doc;
    // Cast to const char* to force copy (safer than Zero-Copy with mutable buffer)
    DeserializationError error = deserializeJson(doc, (const char*)buf);
    
    if (error) {
        Serial.printf("ERROR: JSON parse failed: %s\n", error.c_str());
        httpd_resp_set_status(req, "400 Bad Request");
        httpd_resp_set_type(req, "application/json");
        httpd_resp_send(req, "{\"success\":false,\"message\":\"Invalid JSON\"}", HTTPD_RESP_USE_STRLEN);
        xSemaphoreGive(settings_mutex);
        free(buf); // Free memory before return
        return ESP_OK;
    }

    // Reset watchdog before potentially blocking operations
    esp_task_wdt_reset(); // Keep WDT happy during stream processing
    
    // Apply settings
    sensor_t * s = esp_camera_sensor_get();
    if (s == NULL) {
        Serial.println("ERROR: Camera sensor is NULL! Cannot apply settings.");
        httpd_resp_set_status(req, "500 Internal Server Error");
        httpd_resp_set_type(req, "application/json");
        httpd_resp_send(req, "{\"success\":false,\"message\":\"Camera sensor unavailable\"}", HTTPD_RESP_USE_STRLEN);
        xSemaphoreGive(settings_mutex);
        free(buf); // Free memory before return
        return ESP_OK;
    }
    
    // Sensor is valid — queue sensor settings for captureTask (SCCB-safe)
    Serial.println("Queuing sensor settings for captureTask...");
    bool sensor_settings_changed = false;
    if (pendingSensorMutex) xSemaphoreTake(pendingSensorMutex, portMAX_DELAY);
        bool needs_reboot = false;
        if (doc.containsKey("jpeg_quality")) {
            int quality = constrain((int)doc["jpeg_quality"], 5, 63);
            if (s->status.quality != quality) {
                pendingSensorValues.quality = quality;
                config.jpeg_quality = quality;
                sensor_settings_changed = true;
            }
        }
        if (doc.containsKey("frame_size")) {
            int framesize = doc["frame_size"];
            if (s->status.framesize != framesize) {
                config.frame_size = framesize;
                needs_reboot = true;
            }
        }
        if (doc.containsKey("vflip")) {
            int vflip = doc["vflip"] ? 1 : 0;
            pendingSensorValues.vflip = vflip;
            config.flip_vertical = vflip;
            sensor_settings_changed = true;
        }
        if (doc.containsKey("hmirror")) {
            int hmirror = doc["hmirror"] ? 1 : 0;
            pendingSensorValues.hmirror = hmirror;
            config.flip_horizontal = hmirror;
            sensor_settings_changed = true;
        }
        if (doc.containsKey("brightness")) {
            int val = doc["brightness"];
            if (s->status.brightness != val) { pendingSensorValues.brightness = val; sensor_settings_changed = true; }
        }
        if (doc.containsKey("contrast")) {
            int val = doc["contrast"];
            if (s->status.contrast != val) { pendingSensorValues.contrast = val; sensor_settings_changed = true; }
        }
        if (doc.containsKey("saturation")) {
            int val = doc["saturation"];
            if (s->status.saturation != val) { pendingSensorValues.saturation = val; sensor_settings_changed = true; }
        }
        if (doc.containsKey("sharpness")) {
            int val = doc["sharpness"];
            if (s->status.sharpness != val) { pendingSensorValues.sharpness = val; sensor_settings_changed = true; }
        }
        if (doc.containsKey("denoise")) {
            int val = doc["denoise"];
            if (s->status.denoise != val) { pendingSensorValues.denoise = val; sensor_settings_changed = true; }
        }
        if (doc.containsKey("aec")) {
            int val = doc["aec"].as<int>() ? 1 : 0;
            if (s->status.aec != val) { pendingSensorValues.aec = val; sensor_settings_changed = true; }
        }
        if (doc.containsKey("aec2")) {
            pendingSensorValues.aec2 = doc["aec2"].as<int>() ? 1 : 0;
            sensor_settings_changed = true;
        }
        if (doc.containsKey("ae_level")) {
            int val = doc["ae_level"];
            if (s->status.ae_level != val) { pendingSensorValues.ae_level = val; sensor_settings_changed = true; }
        }
        if (doc.containsKey("agc")) {
            int val = doc["agc"].as<int>() ? 1 : 0;
            if (s->status.agc != val) { pendingSensorValues.agc = val; sensor_settings_changed = true; }
        }
        if (doc.containsKey("agc_gain")) {
            int val = doc["agc_gain"];
            if (s->status.agc_gain != val) { pendingSensorValues.agc_gain = val; sensor_settings_changed = true; }
        }
        if (doc.containsKey("awb")) {
            int val = doc["awb"].as<int>() ? 1 : 0;
            if (s->status.awb != val) { pendingSensorValues.awb = val; sensor_settings_changed = true; }
        }
        if (doc.containsKey("awb_gain")) {
            int val = doc["awb_gain"].as<int>() ? 1 : 0;
            if (s->status.awb_gain != val) { pendingSensorValues.awb_gain = val; sensor_settings_changed = true; }
        }
        if (doc.containsKey("wb_mode")) {
            int val = doc["wb_mode"];
            if (s->status.wb_mode != val) { pendingSensorValues.wb_mode = val; sensor_settings_changed = true; }
        }
        if (doc.containsKey("aec_value")) {
            int val = doc["aec_value"];
            if (s->status.aec_value != val) { pendingSensorValues.aec_value = val; sensor_settings_changed = true; }
        }
        if (doc.containsKey("gainceiling")) {
            int val = doc["gainceiling"];
            if (s->status.gainceiling != val) { pendingSensorValues.gainceiling = val; sensor_settings_changed = true; }
        }
        if (pendingSensorMutex) xSemaphoreGive(pendingSensorMutex);
        if (sensor_settings_changed) {
            __atomic_store_n(&pendingSensorAction, PENDING_FLAG_SETTINGS, __ATOMIC_SEQ_CST);
        }

        // Motion → Telegram settings
        bool config_changed = false;
        if (doc.containsKey("motion_detection_enabled")) {
            bool val = doc["motion_detection_enabled"];
            if (config.motion_detection_enabled != val) {
                config.motion_detection_enabled = val;
                config_changed = true;
                Serial.printf("🔍 Firmware motion detection: %s\n", val ? "ON" : "OFF");
            }
        }
        if (doc.containsKey("motion_telegram_photo")) {
            bool val = doc["motion_telegram_photo"];
            if (config.motion_telegram_photo != val) {
                config.motion_telegram_photo = val;
                config_changed = true;
                Serial.printf("📷 Motion→Telegram foto: %s\n", val ? "ON" : "OFF");
            }
        }
        if (doc.containsKey("motion_telegram_video")) {
            bool val = doc["motion_telegram_video"];
            if (config.motion_telegram_video != val) {
                config.motion_telegram_video = val;
                config_changed = true;
                Serial.printf("🎬 Motion→Telegram video: %s\n", val ? "ON" : "OFF");
            }
        }
        if (doc.containsKey("motion_telegram_cooldown")) {
            int val = doc["motion_telegram_cooldown"];
            if (val >= 5 && val <= 3600 && config.motion_telegram_cooldown != val) {
                config.motion_telegram_cooldown = val;
                config_changed = true;
                Serial.printf("📷 Motion→Telegram cooldown: %ds\n", val);
            }
        }
        if (doc.containsKey("motion_notify_start_hour")) {
            int val = doc["motion_notify_start_hour"];
            if (val >= 0 && val <= 23 && config.motion_notify_start_hour != val) {
                config.motion_notify_start_hour = val;
                config_changed = true;
            }
        }
        if (doc.containsKey("motion_notify_end_hour")) {
            int val = doc["motion_notify_end_hour"];
            if (val >= 0 && val <= 23 && config.motion_notify_end_hour != val) {
                config.motion_notify_end_hour = val;
                config_changed = true;
            }
        }

        // Person Detection (AI FOMO) settings
        if (doc.containsKey("person_detection_enabled")) {
            bool val = doc["person_detection_enabled"];
            if (config.person_detection_enabled != val) {
                config.person_detection_enabled = val;
                config_changed = true;
                Serial.printf("🧠 Person detection: %s\n", val ? "ON" : "OFF");
            }
        }
        if (doc.containsKey("person_telegram_photo")) {
            bool val = doc["person_telegram_photo"];
            if (config.person_telegram_photo != val) {
                config.person_telegram_photo = val;
                config_changed = true;
                Serial.printf("📷 Person→Telegram foto: %s\n", val ? "ON" : "OFF");
            }
        }
        if (doc.containsKey("person_confidence_threshold")) {
            float val = doc["person_confidence_threshold"];
            if (val >= 0.1f && val <= 0.99f && config.person_confidence_threshold != val) {
                config.person_confidence_threshold = val;
                config_changed = true;
                Serial.printf("🧠 Person confidence threshold: %.0f%%\n", val * 100);
            }
        }
        if (doc.containsKey("person_detection_cooldown")) {
            int val = doc["person_detection_cooldown"];
            if (val >= 10 && val <= 3600 && config.person_detection_cooldown != val) {
                config.person_detection_cooldown = val;
                config_changed = true;
                Serial.printf("🧠 Person detection cooldown: %ds\n", val);
            }
        }
        if (doc.containsKey("person_recheck_interval")) {
            int val = doc["person_recheck_interval"];
            if (val >= 5 && val <= 120 && config.person_recheck_interval != val) {
                config.person_recheck_interval = val;
                config_changed = true;
                Serial.printf("🧠 Person recheck interval: %ds\n", val);
            }
        }

        // MQTT settings (non-credential parts)
        if (doc.containsKey("mqtt_enabled")) {
            bool val = doc["mqtt_enabled"];
            if (config.mqtt_enabled != val) {
                config.mqtt_enabled = val;
                config_changed = true;
                Serial.printf("MQTT: %s\n", val ? "ON" : "OFF");
            }
        }
        if (doc.containsKey("mqtt_server")) {
            String val = doc["mqtt_server"].as<String>();
            if (config.mqtt_server != val) {
                config.mqtt_server = val;
                config_changed = true;
            }
        }
        if (doc.containsKey("mqtt_port")) {
            int val = doc["mqtt_port"];
            if (val > 0 && val <= 65535 && config.mqtt_port != val) {
                config.mqtt_port = val;
                config_changed = true;
            }
        }

        // SD Card auto-recording settings
        if (doc.containsKey("sd_auto_record")) {
            bool val = doc["sd_auto_record"];
            if (config.sd_auto_record != val) {
                config.sd_auto_record = val;
                config_changed = true;
                Serial.printf("💾 SD auto-record: %s\n", val ? "ON" : "OFF");
            }
        }
        if (doc.containsKey("sd_auto_record_duration")) {
            int val = doc["sd_auto_record_duration"];
            if (val >= 5 && val <= 300 && config.sd_auto_record_duration != val) {
                config.sd_auto_record_duration = val;
                config_changed = true;
            }
        }
        if (doc.containsKey("sd_max_usage_percent")) {
            int val = doc["sd_max_usage_percent"];
            if (val >= 50 && val <= 99 && config.sd_max_usage_percent != val) {
                config.sd_max_usage_percent = val;
                config_changed = true;
            }
        }
        if (doc.containsKey("sd_record_fps")) {
            int val = doc["sd_record_fps"];
            if (val >= 1 && val <= 30 && config.sd_record_fps != val) {
                config.sd_record_fps = val;
                config_changed = true;
            }
        }

        if (config_changed) {
            saveConfig();
        }

        Serial.println("✅ Settings applied successfully!");

    httpd_resp_set_status(req, "200 OK");
    httpd_resp_set_type(req, "application/json");
    httpd_resp_set_hdr(req, "Access-Control-Allow-Origin", "*");
    httpd_resp_set_hdr(req, "Connection", "close");
    if (needs_reboot) {
        httpd_resp_send(req, "{\"success\":true,\"message\":\"Settings updated. Resolution change requires reboot.\",\"needs_reboot\":true}", HTTPD_RESP_USE_STRLEN);
    } else {
        httpd_resp_send(req, "{\"success\":true,\"message\":\"Settings updated\"}", HTTPD_RESP_USE_STRLEN);
    }
    
    // Release mutex
    if (settings_mutex) xSemaphoreGive(settings_mutex);
    
    free(buf); // Free memory at the end

    if (needs_reboot) {
        saveConfig();  // Persist new framesize before reboot
        Serial.println("🔄 Framesize changed, auto-rebooting in 2s...");
        vTaskDelay(pdMS_TO_TICKS(2000));
        ESP.restart();
    }

    return ESP_OK;
}



// Handler for OPTIONS requests (CORS preflight)
static esp_err_t options_handler(httpd_req_t *req) {
    set_cors_headers(req);
    httpd_resp_set_status(req, "204 No Content"); // No content, just headers
    httpd_resp_send(req, NULL, 0);
    return ESP_OK;
}

// IR Status handler - GET /ir-status
// Audio Status handler - GET /audio-status
static esp_err_t audio_status_handler(httpd_req_t *req) {
    set_cors_headers(req);
    httpd_resp_set_type(req, "application/json");

    char json[256];
    snprintf(json, sizeof(json),
             "{\"enabled\":%s,\"level\":%.1f,\"threshold\":%.1f,\"detected\":%s,\"sample_rate\":%d}",
             audio_enabled ? "true" : "false",
             current_audio_level,
             AUDIO_THRESHOLD_DB,
             (current_audio_level > AUDIO_THRESHOLD_DB) ? "true" : "false",
             I2S_SAMPLE_RATE);

    httpd_resp_send(req, json, strlen(json));
    return ESP_OK;
}

static esp_err_t stream_stats_handler(httpd_req_t *req) {
    set_cors_headers(req);
    httpd_resp_set_type(req, "application/json");

    // Acquire mutex for thread-safe read
    if (settings_mutex) {
        xSemaphoreTake(settings_mutex, pdMS_TO_TICKS(50));
    }

    sensor_t * s = esp_camera_sensor_get();
    int frame_size = s ? s->status.framesize : 0;
    int jpeg_quality = s ? s->status.quality : 0;

    char json[1024];
    snprintf(json, sizeof(json),
             "{\"max_stream_clients\":%d,\"max_detection_clients\":%d,"
             "\"active_stream_clients\":%d,\"active_detection_clients\":%d,"
             "\"total_clients\":%d,\"stream_fps\":%d,\"frame_size\":%d,"
             "\"jpeg_quality\":%d}",
             MAX_STREAM_CLIENTS,
             MAX_DETECTION_CLIENTS,
             active_stream_clients,
             active_detection_clients,
             active_stream_clients + active_detection_clients,
             15,  // Approximate FPS
             frame_size,
             jpeg_quality);

    // Release mutex
    if (settings_mutex) {
        xSemaphoreGive(settings_mutex);
    }

    httpd_resp_send(req, json, strlen(json));
    return ESP_OK;
}

// Motion Status handler - GET /motion-status
static esp_err_t motion_status_handler(httpd_req_t *req) {
    set_cors_headers(req);
    httpd_resp_set_type(req, "application/json");

    char json[128];
    snprintf(json, sizeof(json),
             "{\"enabled\":%s,\"motion_detected\":%s,\"score\":%d}",
             config.motion_detection_enabled ? "true" : "false",
             motionDetector.isMotionDetected() ? "true" : "false",
             motionDetector.getMotionScore());

    httpd_resp_send(req, json, strlen(json));
    return ESP_OK;
}

// ROI Mask handler - GET returns mask as "1100..." string, POST sets it
static esp_err_t roi_mask_get_handler(httpd_req_t *req) {
    set_cors_headers(req);
    httpd_resp_set_type(req, "application/json");

    int gw = motionDetector.getGridW();
    int gh = motionDetector.getGridH();

    // Build JSON: {"w":20,"h":15,"mask":"111011..."}
    String json = "{\"w\":" + String(gw) + ",\"h\":" + String(gh) + ",\"mask\":\"";
    for (int y = 0; y < gh; y++) {
        for (int x = 0; x < gw; x++) {
            json += motionDetector.getBlockMask(x, y) ? '1' : '0';
        }
    }
    json += "\"}";

    httpd_resp_send(req, json.c_str(), json.length());
    return ESP_OK;
}

static esp_err_t roi_mask_post_handler(httpd_req_t *req) {
    if (check_basic_auth(req) != ESP_OK) return ESP_OK;
    set_cors_headers(req);

    char content[512];
    size_t recv_size = (req->content_len < sizeof(content) - 1) ? req->content_len : sizeof(content) - 1;
    int ret = httpd_req_recv(req, content, recv_size);
    if (ret <= 0) { httpd_resp_send_408(req); return ESP_FAIL; }
    content[ret] = '\0';

    StaticJsonDocument<512> doc;
    if (deserializeJson(doc, content)) {
        httpd_resp_set_type(req, "application/json");
        httpd_resp_set_status(req, "400 Bad Request");
        httpd_resp_send(req, "{\"error\":\"Invalid JSON\"}", HTTPD_RESP_USE_STRLEN);
        return ESP_FAIL;
    }

    // Accept: {"mask":"111011..."} or {"clear":true}
    if (doc.containsKey("clear")) {
        motionDetector.clearMask();
        httpd_resp_send(req, "{\"ok\":true,\"action\":\"cleared\"}", HTTPD_RESP_USE_STRLEN);
        return ESP_OK;
    }

    const char* mask = doc["mask"];
    if (mask) {
        int gw = motionDetector.getGridW();
        int gh = motionDetector.getGridH();
        int len = strlen(mask);
        int i = 0;
        for (int y = 0; y < gh && i < len; y++) {
            for (int x = 0; x < gw && i < len; x++, i++) {
                motionDetector.setBlockMask(x, y, mask[i] != '0');
            }
        }
        saveROIMask(mask, len);
        int masked = 0;
        for (int j = 0; j < len; j++) if (mask[j] == '0') masked++;
        Serial.printf("ROI mask set: %d blocks masked out of %d\n", masked, gw * gh);
        httpd_resp_set_type(req, "application/json");
        char resp[64];
        snprintf(resp, sizeof(resp), "{\"ok\":true,\"masked\":%d,\"total\":%d}", masked, gw * gh);
        httpd_resp_send(req, resp, HTTPD_RESP_USE_STRLEN);
        return ESP_OK;
    }

    httpd_resp_set_type(req, "application/json");
    httpd_resp_set_status(req, "400 Bad Request");
    httpd_resp_send(req, "{\"error\":\"need mask or clear\"}", HTTPD_RESP_USE_STRLEN);
    return ESP_FAIL;
}

// Motion Debug Endpoint -- returns full motion detection state + per-block motion grid
static esp_err_t motion_debug_handler(httpd_req_t *req) {
    set_cors_headers(req);
    httpd_resp_set_type(req, "application/json");

    int gw = motionDetector.getGridW();
    int gh = motionDetector.getGridH();

    // Build JSON response with motion state + block grid
    // Buffer: 2 grids of up to 64*48=3072 chars each + JSON overhead
    char* buf = (char*)malloc(8192);
    if (!buf) {
        httpd_resp_send_500(req);
        return ESP_FAIL;
    }

    int len = snprintf(buf, 8192,
        "{\"enabled\":%s,\"detected\":%s,\"pct\":%.1f,\"score\":%d,\"brightness\":%d,"
        "\"threshold\":%d,\"night\":%s,"
        "\"grid_w\":%d,\"grid_h\":%d,\"motion\":\"",
        config.motion_detection_enabled ? "true" : "false",
        motionDetector.isMotionDetected() ? "true" : "false",
        motionDetector.getMotionPercent(),
        motionDetector.getMotionScore(),
        motionDetector.getAvgBrightness(),
        motionDetector.getEffectivePixelThreshold(),
        motionDetector.getAvgBrightness() < MOTION_NIGHT_BRIGHTNESS ? "true" : "false",
        gw, gh
    );

    // Append block motion grid as "010010..." string
    for (int y = 0; y < gh && len < 8000; y++) {
        for (int x = 0; x < gw && len < 8000; x++) {
            buf[len++] = motionDetector.getBlockMotion(x, y) ? '1' : '0';
        }
    }

    // Append ROI mask
    len += snprintf(buf + len, 8192 - len, "\",\"mask\":\"");
    for (int y = 0; y < gh && len < 8000; y++) {
        for (int x = 0; x < gw && len < 8000; x++) {
            buf[len++] = motionDetector.getBlockMask(x, y) ? '1' : '0';
        }
    }
    len += snprintf(buf + len, 8192 - len, "\"}");

    httpd_resp_send(req, buf, len);
    free(buf);
    return ESP_OK;
}

static esp_err_t ir_status_handler(httpd_req_t *req) {
    set_cors_headers(req);
    httpd_resp_set_type(req, "application/json");

    String jsonStatus = getIRStatusJSON();
    httpd_resp_send(req, jsonStatus.c_str(), jsonStatus.length());

    return ESP_OK;
}

// IR Control handler - POST /ir-control
static esp_err_t ir_control_handler(httpd_req_t *req) {
    if (check_basic_auth(req) != ESP_OK) return ESP_OK;

    set_cors_headers(req);

    // Read POST body
    char content[256];
    size_t recv_size = (req->content_len < sizeof(content) - 1) ? req->content_len : sizeof(content) - 1;

    int ret = httpd_req_recv(req, content, recv_size);
    if (ret <= 0) {
        if (ret == HTTPD_SOCK_ERR_TIMEOUT) {
            httpd_resp_send_408(req);
        }
        return ESP_FAIL;
    }
    content[ret] = '\0';

    // Parse JSON
    StaticJsonDocument<256> doc;
    DeserializationError error = deserializeJson(doc, content);

    if (error) {
        httpd_resp_set_status(req, "400 Bad Request");
        httpd_resp_send(req, "{\"error\":\"Invalid JSON\"}", HTTPD_RESP_USE_STRLEN);
        return ESP_FAIL;
    }

    // Get current config
    IRConfig irConfig = getIRConfig();

    // Update configuration
    if (doc.containsKey("state")) {
        String state = doc["state"].as<String>();
        if (state == "on") {
            irConfig.auto_mode = false;
            irConfig.manual_state = true;
        } else if (state == "off") {
            irConfig.auto_mode = false;
            irConfig.manual_state = false;
        } else if (state == "auto") {
            irConfig.auto_mode = true;
        }
    }

    if (doc.containsKey("threshold")) {
        float threshold = doc["threshold"];
        if (threshold >= MIN_LUX_THRESHOLD && threshold <= MAX_LUX_THRESHOLD) {
            irConfig.lux_threshold = threshold;
        }
    }

    if (doc.containsKey("auto_mode")) {
        irConfig.auto_mode = doc["auto_mode"];
    }

    if (doc.containsKey("time_based")) {
        irConfig.time_based = doc["time_based"];
    }

    if (doc.containsKey("night_start_hour")) {
        int hour = doc["night_start_hour"];
        if (hour >= 0 && hour < 24) {
            irConfig.night_start_hour = hour;
        }
    }

    if (doc.containsKey("night_end_hour")) {
        int hour = doc["night_end_hour"];
        if (hour >= 0 && hour < 24) {
            irConfig.night_end_hour = hour;
        }
    }
    
    if (doc.containsKey("lux_threshold")) {
        float threshold = doc["lux_threshold"];
        if (threshold >= 0) {
            irConfig.lux_threshold = threshold;
        }
    }

    // Apply new configuration
    setIRConfig(irConfig);

    // Return success with updated status
    httpd_resp_set_type(req, "application/json");
    String jsonStatus = getIRStatusJSON();
    httpd_resp_send(req, jsonStatus.c_str(), jsonStatus.length());

    return ESP_OK;
}

// RTSP Server Task - REMOVED (Library handles its own task)
// void rtspServerTask(void *parameter) { ... }

// Recording Task — AVI with interleaved MJPEG video + PCM16 audio
// All accesses to recordingFile/aviWriter must be guarded by recordingMutex.
// stopSDRecording can flip is_recording to false at any moment, so the task
// re-checks it inside the mutex before each write.
void recordingTask(void *parameter) {
    Serial.println("💾 Recording task started (AVI mode)");
    unsigned long my_last_timestamp = 0;
    unsigned long frame_write_count = 0;
    unsigned long lastFrameTime = 0;
    unsigned long recordingStartTime = 0;

    // Audio buffer on stack: 100ms of PCM16 mono @ 16kHz = 1600 samples = 3200 bytes
    const size_t AUDIO_SAMPLES_PER_FRAME = I2S_SAMPLE_RATE / 10; // 1600 at 16kHz/10fps
    int16_t audioBuf[AUDIO_SAMPLES_PER_FRAME];

    // PSRAM copy buffer: copy frame from ring buffer immediately, release slot,
    // then do slow SD write + I2S read from copy (prevents ring buffer starvation)
    uint8_t* frameCopy = (uint8_t*)ps_malloc(FRAME_BUFFER_SLOT_SIZE);
    if (!frameCopy) {
        Serial.println("❌ Recording task: failed to allocate PSRAM copy buffer!");
        vTaskDelete(NULL);
        return;
    }

    while(true) {
        if (!is_recording) {
            frame_write_count = 0;
            vTaskDelay(pdMS_TO_TICKS(500));
            continue;
        }

        // Frame decimation: only record at configured fps
        unsigned long now = millis();
        unsigned long frameInterval = 1000 / config.sd_record_fps;
        if (now - lastFrameTime < frameInterval) {
            vTaskDelay(pdMS_TO_TICKS(5));
            continue;
        }

        // Track recording start for auto-stop
        if (frame_write_count == 0) {
            recordingStartTime = now;
        }

        // Check for new frame in Ring Buffer — FAST copy-and-release
        size_t copiedLen = 0;
        if (current_frame_index >= 0) {
            int idx = current_frame_index;
            if (frameBuffers[idx].timestamp > my_last_timestamp) {
                int rc = __atomic_load_n(&frameBuffers[idx].ref_count, __ATOMIC_SEQ_CST);
                if (rc >= 0) {
                    __atomic_fetch_add(&frameBuffers[idx].ref_count, 1, __ATOMIC_SEQ_CST);

                    copiedLen = frameBuffers[idx].len;
                    if (copiedLen <= FRAME_BUFFER_SLOT_SIZE) {
                        memcpy(frameCopy, frameBuffers[idx].data, copiedLen);
                    } else {
                        copiedLen = 0;
                    }
                    my_last_timestamp = frameBuffers[idx].timestamp;

                    __atomic_fetch_sub(&frameBuffers[idx].ref_count, 1, __ATOMIC_SEQ_CST);
                }
            }
        }

        // Read audio chunk before taking the SD mutex so I2S blocking does not
        // delay stopSDRecording's lock acquisition. audioReadLocked serializes
        // I2S RX with HTTP audio stream + getAudioLevel.
        size_t bytes_read = 0;
        if (copiedLen > 0) {
            esp_err_t err = audioReadLocked(audioBuf,
                AUDIO_SAMPLES_PER_FRAME * sizeof(int16_t),
                &bytes_read, pdMS_TO_TICKS(50));
            if (err != ESP_OK) bytes_read = 0;
        }

        // SD write under recordingMutex; auto-stop also handled here
        if (recordingMutex && xSemaphoreTake(recordingMutex, pdMS_TO_TICKS(500)) == pdTRUE) {
            if (is_recording && recordingFile) {
                size_t fileSize = recordingFile.position();
                bool autoStop = (fileSize > 45 * 1024 * 1024) ||
                                (now - recordingStartTime > 120000);

                if (autoStop) {
                    Serial.printf("💾 AVI auto-stop: %uKB, %lus\n",
                        (unsigned)(fileSize / 1024), (now - recordingStartTime) / 1000);
                    is_recording = false;
                    aviWriter.end();
                    recordingFile.close();
                    Serial.printf("💾 AVI finalized: %u video, %u audio chunks\n",
                        aviWriter.getVideoFrames(), aviWriter.getAudioChunks());
                    frame_write_count = 0;
                } else if (copiedLen > 0) {
                    if (!aviWriter.writeVideoFrame(frameCopy, copiedLen)) {
                        Serial.println("❌ AVI video write error — SD card failure, stopping recording");
                        logEvent(EVT_SD_FAILURE, "AVI write error");
                        sendTelegramNotification("SD write error: recording stopped. SD card may be failing.");
                        is_recording = false;
                        aviWriter.end();
                        recordingFile.close();
                        frame_write_count = 0;
                    } else {
                        frame_write_count++;
                        lastFrameTime = now;
                        if (bytes_read > 0) {
                            aviWriter.writeAudioChunk(audioBuf, bytes_read);
                        }
                    }
                }
            }
            xSemaphoreGive(recordingMutex);
        }

        vTaskDelay(pdMS_TO_TICKS(5));
    }
}

// Record Handler - POST /record {"action": "start"|"stop"}
static esp_err_t record_handler(httpd_req_t *req) {
    if (check_basic_auth(req) != ESP_OK) return ESP_OK;

    char content[100];
    size_t recv_size = (req->content_len < sizeof(content) - 1) ? req->content_len : sizeof(content) - 1;
    
    int ret = httpd_req_recv(req, content, recv_size);
    if (ret <= 0) {
        if (ret == HTTPD_SOCK_ERR_TIMEOUT) httpd_resp_send_408(req);
        return ESP_FAIL;
    }
    content[ret] = '\0';
    
    StaticJsonDocument<200> doc;
    DeserializationError error = deserializeJson(doc, content);
    
    if (error) {
        httpd_resp_send_500(req);
        return ESP_FAIL;
    }
    
    const char* action = doc["action"];
    String msg = "";

    if (strcmp(action, "start") == 0) {
        if (is_recording) {
            msg = "Already recording";
        } else if (!SD.cardSize()) {
            msg = "No SD card";
        } else {
            // startSDRecording handles its own mutex
            if (startSDRecording()) {
                msg = String("Recording started: ") + lastRecordingFilename;
            } else {
                msg = "Failed to start recording";
            }
        }
    } else if (strcmp(action, "stop") == 0) {
        if (is_recording) {
            // stopSDRecording handles its own mutex
            stopSDRecording();
            msg = "Recording stopped";
        } else {
            msg = "Not recording";
        }
    } else {
        msg = "Invalid action";
    }
    
    httpd_resp_set_type(req, "application/json");
    String json = "{\"status\":\"" + msg + "\",\"recording\":" + (is_recording ? "true" : "false") + "}";
    httpd_resp_sendstr(req, json.c_str());
    return ESP_OK;
}

// Telemetry Handler - GET /telemetry
static esp_err_t telemetry_handler(httpd_req_t *req) {
    httpd_resp_set_type(req, "application/json");
    httpd_resp_set_hdr(req, "Access-Control-Allow-Origin", "*");
    
    // FIXED: Use StaticJsonDocument to avoid heap fragmentation
    StaticJsonDocument<1024> doc;
    
    // System
    doc["uptime_seconds"] = millis() / 1000;
    doc["free_heap"] = ESP.getFreeHeap();
    doc["min_free_heap"] = ESP.getMinFreeHeap();
    doc["free_psram"] = ESP.getFreePsram();
    doc["cpu_freq_mhz"] = ESP.getCpuFreqMHz();
    
    // WiFi
    doc["wifi_rssi"] = WiFi.RSSI();
    doc["wifi_ip"] = WiFi.localIP().toString();
    doc["wifi_mac"] = WiFi.macAddress();
    doc["wifi_reconnects"] = wifi_health.reconnect_count;
    
    // Camera
    sensor_t * s = esp_camera_sensor_get();
    if (s) {
        doc["cam_width"] = s->status.framesize; // Need to map to pixels if needed
        doc["cam_quality"] = s->status.quality;
        doc["cam_fps_target"] = 30; // Hardcoded target
    }
    
    // Storage (SD Card)
    if(SD.cardSize()) {
        doc["sd_total_mb"] = SD.cardSize() / (1024 * 1024);
        doc["sd_used_mb"] = SD.usedBytes() / (1024 * 1024);
    } else {
        doc["sd_status"] = "not_mounted";
    }
    
    // Audio
    doc["audio_enabled"] = audio_enabled;
    doc["audio_level"] = current_audio_level;
    
    String response;
    serializeJson(doc, response);
    httpd_resp_sendstr(req, response.c_str());
    return ESP_OK;
}

static esp_err_t save_frame_handler(httpd_req_t *req) {
    if (check_basic_auth(req) != ESP_OK) return ESP_OK;

    // Check if SD card is mounted
    if(!SD.cardSize()) {
        httpd_resp_send_500(req);
        return ESP_FAIL;
    }

    // Allocate buffer for filename
    char filepath[64];
    time_t now;
    struct tm timeinfo;
    time(&now);
    localtime_r(&now, &timeinfo);
    
    // Create filename based on timestamp
    // Note: If NTP is not synced, time will be from boot
    strftime(filepath, sizeof(filepath), "/%Y%m%d_%H%M%S.jpg", &timeinfo);
    
    // Check content length (limit to 500KB to be safe)
    if (req->content_len > 500 * 1024) {
        Serial.println("Frame too large");
        httpd_resp_send_500(req);
        return ESP_FAIL;
    }
    
    // Allocate buffer
    char *buf = (char *)malloc(req->content_len);
    if (!buf) {
        Serial.println("Failed to allocate buffer");
        httpd_resp_send_500(req);
        return ESP_FAIL;
    }
    
    // Receive data with retry limit
    int ret = 0;
    int remaining = req->content_len;
    int timeout_retries = 0;
    const int MAX_TIMEOUT_RETRIES = 10;
    while (remaining > 0) {
        int recved = httpd_req_recv(req, buf + ret, remaining);
        if (recved <= 0) {
            if (recved == HTTPD_SOCK_ERR_TIMEOUT) {
                timeout_retries++;
                if (timeout_retries >= MAX_TIMEOUT_RETRIES) {
                    Serial.println("❌ save_frame: Too many timeouts");
                    free(buf);
                    return ESP_FAIL;
                }
                continue;
            }
            free(buf);
            return ESP_FAIL;
        }
        timeout_retries = 0;  // Reset on successful read
        ret += recved;
        remaining -= recved;
    }
    
    // Write to SD card
    File file = SD.open(filepath, FILE_WRITE);
    if (!file) {
        Serial.println("Failed to open file for writing");
        free(buf);
        httpd_resp_send_500(req);
        return ESP_FAIL;
    }
    
    file.write((uint8_t*)buf, req->content_len);
    file.close();
    free(buf);
    
    Serial.printf("Saved frame to %s\n", filepath);
    httpd_resp_send(req, "Frame saved", HTTPD_RESP_USE_STRLEN);
    return ESP_OK;
}

// --- SD Card Auto-Recording Helpers ---
// Called from motionTask (camera_capture.cpp) to start/stop auto-recording

bool startSDRecording() {
    if (sd_disabled_this_session) return false;
    if (!SD.cardSize()) return false;
    if (!recordingMutex) return false;

    if (xSemaphoreTake(recordingMutex, pdMS_TO_TICKS(500)) != pdTRUE) return false;

    if (is_recording) {
        xSemaphoreGive(recordingMutex);
        return true; // Already recording
    }

    // Storage rotation: delete oldest files if SD is too full
    uint64_t total = SD.totalBytes();
    uint64_t used = SD.usedBytes();
    if (total > 0) {
        int usage_pct = (int)(used * 100 / total);
        if (usage_pct >= config.sd_max_usage_percent) {
            Serial.printf("💾 SD usage %d%% >= %d%%, rotating oldest files...\n",
                          usage_pct, config.sd_max_usage_percent);
            // Find and delete oldest file (by name — files use timestamps)
            int rotated = 0;
            while (usage_pct >= config.sd_max_usage_percent - 5 && rotated < 20) {
                File root = SD.open("/");
                if (!root) break;
                String oldest_name = "";
                File entry = root.openNextFile();
                while (entry) {
                    if (!entry.isDirectory()) {
                        String name = "/" + String(entry.name());
                        if (oldest_name.isEmpty() || name < oldest_name) {
                            oldest_name = name;
                        }
                    }
                    entry.close();
                    entry = root.openNextFile();
                }
                root.close();
                if (oldest_name.isEmpty()) break;
                size_t fsize = 0;
                File f = SD.open(oldest_name);
                if (f) { fsize = f.size(); f.close(); }
                if (SD.remove(oldest_name.c_str())) {
                    rotated++;
                    Serial.printf("  🗑️ Rotated: %s (%u KB)\n", oldest_name.c_str(), (unsigned)(fsize / 1024));
                } else {
                    break;
                }
                used = SD.usedBytes();
                usage_pct = (int)(used * 100 / total);
            }
            if (rotated > 0) {
                Serial.printf("  💾 Rotated %d files, now %d%% used\n", rotated, usage_pct);
            }
        }
    }

    // Generate filename with NTP timestamp
    char filename[64];
    time_t now;
    struct tm timeinfo;
    time(&now);
    localtime_r(&now, &timeinfo);
    strftime(filename, sizeof(filename), "/rec_%Y%m%d_%H%M%S.avi", &timeinfo);

    recordingFile = SD.open(filename, FILE_WRITE);
    if (recordingFile) {
        // Initialize AVI writer with current resolution and configured fps
        sensor_t* s = esp_camera_sensor_get();
        uint16_t w = 640, h = 480; // VGA default
        if (s) {
            // Map framesize to pixels (VGA=640x480 is the common recording resolution)
            switch (s->status.framesize) {
                case FRAMESIZE_QVGA: w = 320; h = 240; break;
                case FRAMESIZE_VGA:  w = 640; h = 480; break;
                case FRAMESIZE_SVGA: w = 800; h = 600; break;
                case FRAMESIZE_XGA:  w = 1024; h = 768; break;
                default: w = 640; h = 480; break;
            }
        }
        int fps = config.sd_record_fps > 0 ? config.sd_record_fps : 10;
        if (!aviWriter.begin(recordingFile, w, h, fps, I2S_SAMPLE_RATE)) {
            Serial.println("❌ AVI header write failed");
            recordingFile.close();
            xSemaphoreGive(recordingMutex);
            return false;
        }

        strncpy(lastRecordingFilename, filename, sizeof(lastRecordingFilename) - 1);
        lastRecordingFilename[sizeof(lastRecordingFilename) - 1] = '\0';
        is_recording = true;
        sd_consecutive_failures = 0;  // Reset on success
        logEvent(EVT_RECORDING_STARTED, filename);
        Serial.printf("💾 AVI recording started: %s (%dx%d @%dfps)\n", filename, w, h, fps);
        xSemaphoreGive(recordingMutex);
        return true;
    }

    // File open failed — track consecutive failures and bail out after 3
    sd_consecutive_failures++;
    Serial.printf("❌ Auto-recording: failed to open file (%d/3)\n", sd_consecutive_failures);
    if (sd_consecutive_failures >= 3) {
        sd_disabled_this_session = true;
        logEvent(EVT_SD_FAILURE, "Open failed 3x — recording disabled for this session");
        sendTelegramNotification("SD card error: recording disabled (3 open failures). Reboot to re-enable.");
        Serial.println("❌ SD recording disabled for this session — reboot to re-enable");
    }
    xSemaphoreGive(recordingMutex);
    return false;
}

void stopSDRecording() {
    if (!recordingMutex) return;

    // Single critical section: recordingTask checks is_recording inside the
    // same mutex, so it cannot race with the close. 2s timeout covers worst
    // case where recordingTask is mid-SD-write.
    if (xSemaphoreTake(recordingMutex, pdMS_TO_TICKS(2000)) != pdTRUE) {
        Serial.println("❌ stopSDRecording: mutex timeout — file may remain open!");
        return;
    }

    if (is_recording) {
        is_recording = false;
        aviWriter.end();
        if (recordingFile) recordingFile.close();
        logEvent(EVT_RECORDING_STOPPED);
        Serial.printf("💾 AVI recording stopped: %u frames, %u audio chunks\n",
            aviWriter.getVideoFrames(), aviWriter.getAudioChunks());
    }

    xSemaphoreGive(recordingMutex);
}

// --- SD Download Handler ---
static esp_err_t sd_download_handler(httpd_req_t *req) {
    set_cors_headers(req);

    if (!SD.cardSize()) {
        httpd_resp_send_err(req, HTTPD_404_NOT_FOUND, "No SD card");
        return ESP_FAIL;
    }

    // Parse ?file= query parameter
    char query[128] = {0};
    char filepath[96] = {0};
    if (httpd_req_get_url_query_str(req, query, sizeof(query)) != ESP_OK) {
        httpd_resp_send_err(req, HTTPD_400_BAD_REQUEST, "Missing ?file= parameter");
        return ESP_FAIL;
    }
    if (httpd_query_key_value(query, "file", filepath, sizeof(filepath)) != ESP_OK) {
        httpd_resp_send_err(req, HTTPD_400_BAD_REQUEST, "Missing file parameter");
        return ESP_FAIL;
    }

    // Security: prevent path traversal
    if (strstr(filepath, "..") != NULL) {
        httpd_resp_send_err(req, HTTPD_400_BAD_REQUEST, "Invalid path");
        return ESP_FAIL;
    }

    // Ensure path starts with /
    String path = filepath;
    if (!path.startsWith("/")) path = "/" + path;

    File file = SD.open(path, FILE_READ);
    if (!file || file.isDirectory()) {
        if (file) file.close();
        httpd_resp_send_err(req, HTTPD_404_NOT_FOUND, "File not found");
        return ESP_FAIL;
    }

    // Set content type based on extension
    if (path.endsWith(".jpg") || path.endsWith(".jpeg")) {
        httpd_resp_set_type(req, "image/jpeg");
    } else if (path.endsWith(".mjpeg")) {
        httpd_resp_set_type(req, "application/octet-stream");
    } else {
        httpd_resp_set_type(req, "application/octet-stream");
    }

    // Content-Disposition: attachment for download
    String disposition = "attachment; filename=\"" + path.substring(path.lastIndexOf('/') + 1) + "\"";
    httpd_resp_set_hdr(req, "Content-Disposition", disposition.c_str());

    // Stream file in 4KB chunks
    size_t total = file.size();
    char chunk[4096];
    size_t sent = 0;
    while (sent < total) {
        size_t to_read = (total - sent > sizeof(chunk)) ? sizeof(chunk) : (total - sent);
        size_t read = file.read((uint8_t*)chunk, to_read);
        if (read == 0) break;
        if (httpd_resp_send_chunk(req, chunk, read) != ESP_OK) {
            file.close();
            return ESP_FAIL;
        }
        sent += read;
        // Reset WDT for large files
        if (sent % (64 * 1024) == 0) esp_task_wdt_reset();
    }
    file.close();

    // End chunked response
    httpd_resp_send_chunk(req, NULL, 0);
    Serial.printf("💾 SD download: %s (%u KB)\n", path.c_str(), (unsigned)(total / 1024));
    return ESP_OK;
}

// Handler: SD Card — list files (GET) and clear all (POST)
static void deleteAllFiles(fs::FS &fs, const char *dirname, int &count) {
    // Loop until directory is empty (handles dirs with thousands of files)
    String dirStr = String(dirname);
    if (!dirStr.endsWith("/") && dirStr != "/") dirStr += "/";

    while (true) {
        File root = fs.open(dirname);
        if (!root || !root.isDirectory()) { root.close(); return; }

        File entry = root.openNextFile();
        if (!entry) { root.close(); return; } // Directory empty, done

        // Build full path: dirname + "/" + entry name
        // file.name() on ESP32 SD returns just the name (not full path)
        String name = String(entry.name());
        // Strip any leading path components — just keep the filename
        int lastSlash = name.lastIndexOf('/');
        if (lastSlash >= 0) name = name.substring(lastSlash + 1);
        String path = (dirStr == "/") ? "/" + name : dirStr + name;

        bool dir = entry.isDirectory();
        entry.close();
        root.close(); // Close dir before modifying (important for FAT)

        Serial.printf("  [%s] %s\n", dir ? "DIR" : "FILE", path.c_str());

        if (dir) {
            deleteAllFiles(fs, path.c_str(), count);
            if (!fs.rmdir(path.c_str())) {
                Serial.printf("  FAIL rmdir: %s (skipping)\n", path.c_str());
                return;
            }
        } else {
            if (fs.remove(path.c_str())) {
                count++;
                if (count % 200 == 0) Serial.printf("  🗑️ %d files deleted...\n", count);
            } else {
                Serial.printf("  FAIL rm: %s (skipping)\n", path.c_str());
                return;
            }
        }
    }
}

static esp_err_t sd_list_handler(httpd_req_t *req) {
    set_cors_headers(req);

    if (!SD.cardSize()) {
        httpd_resp_set_type(req, "application/json");
        httpd_resp_send(req, "{\"error\":\"no_sd_card\"}", HTTPD_RESP_USE_STRLEN);
        return ESP_OK;
    }

    File root = SD.open("/");
    if (!root) {
        httpd_resp_set_type(req, "application/json");
        httpd_resp_send(req, "{\"error\":\"cannot_open_root\"}", HTTPD_RESP_USE_STRLEN);
        return ESP_OK;
    }

    httpd_resp_set_type(req, "text/plain");

    String listing;
    File entry = root.openNextFile();
    int count = 0;
    while (entry && count < 200) {
        listing += entry.isDirectory() ? "[DIR] " : "";
        listing += String(entry.name());
        if (!entry.isDirectory()) {
            listing += " (" + String(entry.size() / 1024) + " KB)";
        }
        listing += "\n";
        entry.close();
        count++;
        entry = root.openNextFile();
    }
    root.close();

    if (listing.isEmpty()) listing = "(empty)\n";
    listing += "\nTotal: " + String(SD.usedBytes() / (1024*1024)) + " MB used / " +
               String(SD.totalBytes() / (1024*1024)) + " MB total\n";

    httpd_resp_send(req, listing.c_str(), HTTPD_RESP_USE_STRLEN);
    return ESP_OK;
}

static esp_err_t sd_clear_handler(httpd_req_t *req) {
    if (check_basic_auth(req) != ESP_OK) return ESP_OK;
    set_cors_headers(req);
    httpd_resp_set_type(req, "application/json");

    if (!SD.cardSize()) {
        httpd_resp_send(req, "{\"error\":\"no_sd_card\"}", HTTPD_RESP_USE_STRLEN);
        return ESP_OK;
    }

    Serial.println("🗑️ SD card clear requested...");
    uint64_t before = SD.usedBytes();
    int count = 0;
    deleteAllFiles(SD, "/", count);
    uint64_t after = SD.usedBytes();
    Serial.printf("🗑️ SD cleared: %d files, %llu MB freed\n", count, (before - after) / (1024 * 1024));

    char json[128];
    snprintf(json, sizeof(json), "{\"files_deleted\":%d,\"freed_mb\":%llu,\"remaining_mb\":%llu}",
             count, (before - after) / (1024 * 1024), after / (1024 * 1024));
    httpd_resp_send(req, json, HTTPD_RESP_USE_STRLEN);
    return ESP_OK;
}

// Handler: PSRAM Stats Endpoint (JSON)
static esp_err_t psram_stats_handler(httpd_req_t *req) {
    set_cors_headers(req);
    httpd_resp_set_type(req, "application/json");

    uint32_t psram_total = ESP.getPsramSize();
    uint32_t psram_free = ESP.getFreePsram();
    uint32_t psram_used = psram_total - psram_free;
    float usage_pct = (float)psram_used / psram_total * 100.0f;

    char json[256];
    snprintf(json, sizeof(json),
             "{\"total\":%u,\"free\":%u,\"used\":%u,\"usage_pct\":%.1f,"
             "\"total_mb\":%.2f,\"free_mb\":%.2f,\"used_mb\":%.2f}",
             psram_total,
             psram_free,
             psram_used,
             usage_pct,
             psram_total / 1024.0f / 1024.0f,
             psram_free / 1024.0f / 1024.0f,
             psram_used / 1024.0f / 1024.0f);

    httpd_resp_send(req, json, strlen(json));
    return ESP_OK;
}

// Init-time register readback (from main.cpp, stored before captureTask starts)
extern int initZone0_1;  // 0x5688 at init
extern int initZone8_9;  // 0x568c at init

// Handler: Health Check Endpoint (JSON)
// Debug: read OV3660 sensor registers (AEC, VTS, zone weights)
static esp_err_t reg_debug_handler(httpd_req_t *req) {
    httpd_resp_set_type(req, "application/json");
    httpd_resp_set_hdr(req, "Access-Control-Allow-Origin", "*");

    sensor_t* s = esp_camera_sensor_get();
    if (!s) {
        httpd_resp_sendstr(req, "{\"error\":\"no sensor\"}");
        return ESP_OK;
    }

    char buf[768];
    snprintf(buf, sizeof(buf),
        "{\"init_zone_0_1\":\"0x%02X (want 0x11)\",\"init_zone_8_9\":\"0x%02X (want 0xEE)\","
        "\"aec_target_hi\":\"0x3a0f=%d\",\"aec_target_lo\":\"0x3a10=%d\","
        "\"aec_actual_hi\":\"0x3a1b=%d\",\"aec_actual_lo\":\"0x3a1e=%d\","
        "\"vts_hi\":\"0x380e=0x%02X\",\"vts_lo\":\"0x380f=0x%02X\","
        "\"zone_0_1_runtime\":\"0x5688=0x%02X\",\"zone_2_3_runtime\":\"0x5689=0x%02X\","
        "\"zone_8_9_runtime\":\"0x568c=0x%02X\",\"zone_14_15_runtime\":\"0x568f=0x%02X\","
        "\"exposure_hi\":\"0x3500=0x%02X\",\"exposure_mid\":\"0x3501=0x%02X\","
        "\"exposure_lo\":\"0x3502=0x%02X\","
        "\"gain\":\"0x350a=0x%02X,0x350b=0x%02X\","
        "\"aec_ctrl\":\"0x3503=0x%02X\"}",
        initZone0_1, initZone8_9,
        s->get_reg(s, 0x3a0f, 0xff), s->get_reg(s, 0x3a10, 0xff),
        s->get_reg(s, 0x3a1b, 0xff), s->get_reg(s, 0x3a1e, 0xff),
        s->get_reg(s, 0x380e, 0xff), s->get_reg(s, 0x380f, 0xff),
        s->get_reg(s, 0x5688, 0xff), s->get_reg(s, 0x5689, 0xff),
        s->get_reg(s, 0x568c, 0xff), s->get_reg(s, 0x568f, 0xff),
        s->get_reg(s, 0x3500, 0xff), s->get_reg(s, 0x3501, 0xff),
        s->get_reg(s, 0x3502, 0xff),
        s->get_reg(s, 0x350a, 0xff), s->get_reg(s, 0x350b, 0xff),
        s->get_reg(s, 0x3503, 0xff));

    httpd_resp_sendstr(req, buf);
    return ESP_OK;
}

static esp_err_t health_handler(httpd_req_t *req) {
    esp_task_wdt_reset(); // Keep WDT happy in detection stream
    
    httpd_resp_set_type(req, "application/json");
    httpd_resp_set_hdr(req, "Access-Control-Allow-Origin", "*");
    
    // FIXED: Use StaticJsonDocument to avoid heap fragmentation
    StaticJsonDocument<1024> doc;
    
    // Uptime
    unsigned long uptimeSeconds = millis() / 1000;
    doc["uptime_seconds"] = uptimeSeconds;
    doc["uptime_hours"] = (uptimeSeconds % 86400) / 3600;
    doc["uptime_days"] = uptimeSeconds / 86400;
    
    // Memory
    doc["free_heap"] = ESP.getFreeHeap();
    doc["free_psram"] = ESP.getFreePsram();
    doc["heap_health"] = ESP.getFreeHeap() > 50000 ? "healthy" : 
                        (ESP.getFreeHeap() > 30000 ? "warning" : "critical");
    
    // WiFi
    if (WiFi.status() == WL_CONNECTED) {
        doc["wifi_connected"] = true;
        doc["wifi_rssi"] = WiFi.RSSI();
        doc["wifi_quality"] = getWiFiQuality(WiFi.RSSI());
        doc["wifi_reconnects_1h"] = wifi_health.reconnect_count;
    } else {
        doc["wifi_connected"] = false;
        doc["wifi_quality"] = "disconnected";
    }
    
    // System Stats
    doc["total_restarts"] = sys_stats.total_restarts;
    doc["last_restart_reason"] = sys_stats.last_restart_reason;
    
    // Overall health status
    bool healthy = true;
    String issues = "";
    
    if (ESP.getFreeHeap() < 50000) {
        healthy = false;
        issues += "low_memory,";
    }
    if (WiFi.RSSI() < -75) {
        healthy = false;
        issues += "weak_wifi,";
    }
    if (wifi_health.reconnect_count > 3) {
        healthy = false;
        issues += "unstable_wifi,";
    }
    
    bool default_creds = (config.http_user == "admin" && config.http_pass == "admin");
    doc["default_credentials"] = default_creds;
    if (default_creds) issues += "default_credentials,";

    doc["overall_health"] = healthy ? "healthy" : "degraded";
    doc["issues"] = issues.length() > 0 ? issues.substring(0, issues.length()-1) : "none";
    doc["status"] = healthy ? "ok" : "warning";
    
    String response;
    serializeJson(doc, response);
    httpd_resp_sendstr(req, response.c_str());
    return ESP_OK;
}

static esp_err_t zones_get_handler(httpd_req_t *req) {
    httpd_resp_set_type(req, "application/json");
    httpd_resp_set_hdr(req, "Access-Control-Allow-Origin", "*");
    String json = getZonesJSON();
    httpd_resp_sendstr(req, json.c_str());
    return ESP_OK;
}

static esp_err_t zones_post_handler(httpd_req_t *req) {
    if (check_basic_auth(req) != ESP_OK) return ESP_OK;
    httpd_resp_set_type(req, "application/json");
    httpd_resp_set_hdr(req, "Access-Control-Allow-Origin", "*");

    char content[512];
    size_t recv_size = (req->content_len < sizeof(content) - 1) ? req->content_len : sizeof(content) - 1;
    int ret = httpd_req_recv(req, content, recv_size);
    if (ret <= 0) { httpd_resp_send_408(req); return ESP_FAIL; }
    content[ret] = '\0';

    StaticJsonDocument<512> doc;
    if (deserializeJson(doc, content)) {
        httpd_resp_set_status(req, "400 Bad Request");
        httpd_resp_sendstr(req, "{\"error\":\"Invalid JSON\"}");
        return ESP_FAIL;
    }

    // DELETE action via POST body: {"delete":"door"}
    if (doc.containsKey("delete")) {
        bool ok = deleteZone(doc["delete"] | "");
        httpd_resp_sendstr(req, ok ? "{\"ok\":true}" : "{\"error\":\"not found\"}");
        return ESP_OK;
    }

    Zone z = {};
    strlcpy(z.name,  doc["name"]  | "zone", ZONE_NAME_LEN);
    strlcpy(z.color, doc["color"] | "#ffffff", 8);
    z.alert = doc["alert"] | false;
    z.rect_count = 0;
    JsonArray rects = doc["rects"];
    if (rects) {
        for (JsonObject r : rects) {
            if (z.rect_count >= ZONE_MAX_RECTS) break;
            ZoneRect& zr = z.rects[z.rect_count++];
            zr.x = r["x"] | 0;
            zr.y = r["y"] | 0;
            zr.w = r["w"] | 1;
            zr.h = r["h"] | 1;
        }
    }
    if (z.rect_count == 0) {
        httpd_resp_set_status(req, "400 Bad Request");
        httpd_resp_sendstr(req, "{\"error\":\"need rects array\"}");
        return ESP_FAIL;
    }

    bool ok = addOrUpdateZone(z);
    httpd_resp_sendstr(req, ok ? "{\"ok\":true}" : "{\"error\":\"max zones reached\"}");
    return ESP_OK;
}

static esp_err_t events_handler(httpd_req_t *req) {
    httpd_resp_set_type(req, "application/json");
    httpd_resp_set_hdr(req, "Access-Control-Allow-Origin", "*");
    String json = getEventsJSON();
    httpd_resp_sendstr(req, json.c_str());
    return ESP_OK;
}

// --- Captive Portal WiFi Setup ---
// Shown in AP mode when user connects and opens any URL
const char CAPTIVE_PORTAL_HTML[] PROGMEM = R"rawliteral(
<!DOCTYPE html>
<html lang="en">
<head>
    <meta charset="UTF-8">
    <title>ESP32 WiFi Setup</title>
    <meta name="viewport" content="width=device-width, initial-scale=1">
    <style>
        *{margin:0;padding:0;box-sizing:border-box}
        body{font-family:Arial,sans-serif;background:#1a1a2e;min-height:100vh;display:flex;justify-content:center;align-items:center;padding:20px}
        .card{background:#fff;border-radius:16px;box-shadow:0 10px 40px rgba(0,0,0,.4);max-width:400px;width:100%;overflow:hidden}
        .header{background:linear-gradient(135deg,#667eea,#764ba2);color:#fff;padding:24px;text-align:center}
        .header h1{font-size:1.4em;margin-bottom:6px}
        .header p{opacity:.85;font-size:.85em}
        .form{padding:24px}
        .field{margin-bottom:16px}
        .field label{display:block;margin-bottom:6px;font-weight:bold;color:#333;font-size:.9em}
        .field input{width:100%;padding:12px;border:2px solid #ddd;border-radius:8px;font-size:1em}
        .field input:focus{outline:none;border-color:#667eea}
        .btn{width:100%;padding:14px;border:none;border-radius:10px;font-size:1.1em;cursor:pointer;color:#fff;background:linear-gradient(135deg,#667eea,#764ba2);margin-top:8px}
        .btn:hover{transform:translateY(-1px);box-shadow:0 4px 12px rgba(0,0,0,.3)}
        .msg{padding:12px;border-radius:8px;margin-bottom:16px;display:none;text-align:center}
        .msg.ok{background:#d4edda;color:#155724;display:block}
        .msg.err{background:#f8d7da;color:#721c24;display:block}
        .scan{color:#667eea;cursor:pointer;font-size:.85em;text-decoration:underline;margin-bottom:12px;display:inline-block}
        #networks{margin-bottom:12px}
        #networks div{padding:8px 12px;background:#f5f5f5;border-radius:6px;margin:4px 0;cursor:pointer;font-size:.9em}
        #networks div:hover{background:#e0e0ff}
    </style>
</head>
<body>
    <div class="card">
        <div class="header">
            <h1>📷 ESP32-S3 AI Camera</h1>
            <p>WiFi setup</p>
        </div>
        <div class="form">
            <div id="status" class="msg"></div>
            <span class="scan" onclick="scanNetworks()">🔍 Scan WiFi networks</span>
            <div id="networks"></div>
            <form id="wifiForm" onsubmit="return submitForm(event)">
                <div class="field">
                    <label for="ssid">WiFi SSID</label>
                    <input type="text" id="ssid" name="ssid" required placeholder="WiFi network name">
                </div>
                <div class="field">
                    <label for="pass">WiFi password</label>
                    <input type="password" id="pass" name="pass" placeholder="Password">
                </div>
                <button type="submit" class="btn">📡 Connect</button>
            </form>
        </div>
    </div>
    <script>
        function scanNetworks(){
            document.getElementById('networks').innerHTML='<div>Scanning...</div>';
            fetch('/wifi-scan').then(r=>r.json()).then(data=>{
                var h='';
                data.forEach(n=>{h+='<div onclick="document.getElementById(\'ssid\').value=\''+n.ssid+'\'">'+n.ssid+' ('+n.rssi+' dBm)</div>'});
                document.getElementById('networks').innerHTML=h||'<div>No networks found</div>';
            }).catch(()=>{document.getElementById('networks').innerHTML='<div>Scan failed</div>'});
        }
        function submitForm(e){
            e.preventDefault();
            var s=document.getElementById('status');
            s.className='msg ok';s.textContent='Saving... ESP32 will restart.';s.style.display='block';
            fetch('/wifi-save',{method:'POST',headers:{'Content-Type':'application/json'},
                body:JSON.stringify({ssid:document.getElementById('ssid').value,password:document.getElementById('pass').value})
            }).then(r=>r.json()).then(()=>{
                s.textContent='Saved! ESP32 restarting in 3s...';
            }).catch(()=>{s.className='msg err';s.textContent='Save failed';});
            return false;
        }
    </script>
</body>
</html>
)rawliteral";

// Handler: Captive portal setup page
static esp_err_t captive_portal_handler(httpd_req_t *req) {
    httpd_resp_set_type(req, "text/html");
    return httpd_resp_send(req, CAPTIVE_PORTAL_HTML, HTTPD_RESP_USE_STRLEN);
}

// Handler: WiFi network scan
static esp_err_t wifi_scan_handler(httpd_req_t *req) {
    httpd_resp_set_type(req, "application/json");
    httpd_resp_set_hdr(req, "Access-Control-Allow-Origin", "*");

    int n = WiFi.scanNetworks(false, false, false, 300);
    String json = "[";
    for (int i = 0; i < n && i < 15; i++) {
        if (i > 0) json += ",";
        json += "{\"ssid\":\"" + WiFi.SSID(i) + "\",\"rssi\":" + String(WiFi.RSSI(i)) + "}";
    }
    json += "]";
    WiFi.scanDelete();

    return httpd_resp_sendstr(req, json.c_str());
}

// Handler: Save WiFi credentials and reboot
static esp_err_t wifi_save_handler(httpd_req_t *req) {
    httpd_resp_set_type(req, "application/json");
    httpd_resp_set_hdr(req, "Access-Control-Allow-Origin", "*");

    char buf[512];
    int received = httpd_req_recv(req, buf, sizeof(buf) - 1);
    if (received <= 0) {
        httpd_resp_send_err(req, HTTPD_400_BAD_REQUEST, "No body");
        return ESP_FAIL;
    }
    buf[received] = '\0';

    StaticJsonDocument<256> doc;
    DeserializationError err = deserializeJson(doc, buf);
    if (err || !doc.containsKey("ssid")) {
        httpd_resp_send_err(req, HTTPD_400_BAD_REQUEST, "Invalid JSON");
        return ESP_FAIL;
    }

    config.wifi_ssid = doc["ssid"].as<String>();
    config.wifi_password = doc["password"] | "";
    saveCredentialsToNVS();

    httpd_resp_sendstr(req, "{\"ok\":true}");
    Serial.printf("✅ WiFi credentials saved via captive portal: SSID=%s\n", config.wifi_ssid.c_str());

    // Delayed restart to let HTTP response complete
    vTaskDelay(pdMS_TO_TICKS(3000));
    ESP.restart();
    return ESP_OK;  // unreachable
}

// Handler: Redirect any unknown URL to captive portal (AP mode)
static esp_err_t captive_redirect_handler(httpd_req_t *req) {
    String url = "http://" + WiFi.softAPIP().toString() + "/setup";
    httpd_resp_set_status(req, "302 Found");
    httpd_resp_set_hdr(req, "Location", url.c_str());
    return httpd_resp_send(req, NULL, 0);
}

// --- Credentials Endpoint ---
// GET /credentials — returns masked overview (no passwords visible)
static esp_err_t credentials_get_handler(httpd_req_t *req) {
    if (check_basic_auth(req) != ESP_OK) return ESP_OK;

    httpd_resp_set_type(req, "application/json");
    httpd_resp_set_hdr(req, "Access-Control-Allow-Origin", "*");

    StaticJsonDocument<512> doc;
    doc["wifi_ssid"] = config.wifi_ssid;
    doc["wifi_pass_set"] = config.wifi_password.length() > 0;
    doc["telegram_token_set"] = config.telegram_bot_token.length() > 0;
    doc["telegram_chat_id"] = config.telegram_chat_id;
    doc["http_user"] = config.http_user;
    doc["http_pass_set"] = config.http_pass.length() > 0;
    doc["ota_pass_set"] = config.ota_password.length() > 0;
    doc["ap_pass_set"] = config.ap_password.length() > 0;
    doc["mqtt_user"] = config.mqtt_user;
    doc["mqtt_pass_set"] = config.mqtt_pass.length() > 0;

    String response;
    serializeJson(doc, response);
    httpd_resp_sendstr(req, response.c_str());
    return ESP_OK;
}

// POST /credentials — update credentials and save to NVS
// Only fields present in JSON body are updated
static esp_err_t credentials_post_handler(httpd_req_t *req) {
    if (check_basic_auth(req) != ESP_OK) return ESP_OK;

    httpd_resp_set_type(req, "application/json");
    httpd_resp_set_hdr(req, "Access-Control-Allow-Origin", "*");

    char buf[1024];
    int received = httpd_req_recv(req, buf, sizeof(buf) - 1);
    if (received <= 0) {
        httpd_resp_send_err(req, HTTPD_400_BAD_REQUEST, "No body");
        return ESP_FAIL;
    }
    buf[received] = '\0';

    StaticJsonDocument<1024> doc;
    DeserializationError err = deserializeJson(doc, buf);
    if (err) {
        httpd_resp_send_err(req, HTTPD_400_BAD_REQUEST, "Invalid JSON");
        return ESP_FAIL;
    }

    bool restart_required = false;

    if (doc.containsKey("wifi_ssid")) {
        config.wifi_ssid = doc["wifi_ssid"].as<String>();
        restart_required = true;
    }
    if (doc.containsKey("wifi_password")) {
        config.wifi_password = doc["wifi_password"].as<String>();
        restart_required = true;
    }
    if (doc.containsKey("telegram_bot_token")) {
        config.telegram_bot_token = doc["telegram_bot_token"].as<String>();
    }
    if (doc.containsKey("telegram_chat_id")) {
        config.telegram_chat_id = doc["telegram_chat_id"].as<String>();
    }
    if (doc.containsKey("http_user")) {
        config.http_user = doc["http_user"].as<String>();
    }
    if (doc.containsKey("http_pass")) {
        config.http_pass = doc["http_pass"].as<String>();
    }
    if (doc.containsKey("ota_password")) {
        config.ota_password = doc["ota_password"].as<String>();
        restart_required = true;
    }
    if (doc.containsKey("ap_password")) {
        config.ap_password = doc["ap_password"].as<String>();
        restart_required = true;
    }
    if (doc.containsKey("mqtt_user")) {
        config.mqtt_user = doc["mqtt_user"].as<String>();
        restart_required = true;
    }
    if (doc.containsKey("mqtt_pass")) {
        config.mqtt_pass = doc["mqtt_pass"].as<String>();
        restart_required = true;
    }

    saveCredentialsToNVS();

    StaticJsonDocument<128> resp;
    resp["ok"] = true;
    resp["restart_required"] = restart_required;

    String response;
    serializeJson(resp, response);
    httpd_resp_sendstr(req, response.c_str());
    Serial.println("Credentials updated via /credentials POST");
    return ESP_OK;
}

// GET /update — OTA upload page
static esp_err_t ota_page_handler(httpd_req_t *req) {
    static const char* html = R"OTA(<!DOCTYPE html><html><head>
<meta charset="utf-8"><title>OTA Update</title>
<style>body{font-family:sans-serif;max-width:480px;margin:40px auto;padding:0 16px}
h2{margin-bottom:4px}label{display:block;margin:8px 0 2px}
input[type=text],input[type=password]{width:100%;box-sizing:border-box;padding:6px}
input[type=file]{margin:8px 0}button{padding:8px 20px;cursor:pointer}
#s{margin-top:12px;font-weight:bold}</style></head><body>
<h2>Firmware OTA Update</h2>
<label>Username<input id="u" type="text" value="admin"></label>
<label>Password<input id="p" type="password" value="admin"></label>
<label>Firmware .bin<input id="f" type="file" accept=".bin"></label>
<button onclick="go()">Flash</button>
<div id="s"></div>
<script>
function go(){
  var f=document.getElementById('f').files[0];
  if(!f){alert('Select a .bin file');return;}
  var st=document.getElementById('s');
  st.textContent='Uploading '+f.name+' ('+Math.round(f.size/1024)+' KB)...';
  var auth='Basic '+btoa(document.getElementById('u').value+':'+document.getElementById('p').value);
  fetch('/update',{method:'POST',headers:{'Authorization':auth,'Content-Type':'application/octet-stream'},body:f})
  .then(function(r){return r.json();})
  .then(function(d){st.textContent=d.message;})
  .catch(function(e){st.textContent='Error: '+e;});
}
</script></body></html>)OTA";
    httpd_resp_set_type(req, "text/html");
    httpd_resp_sendstr(req, html);
    return ESP_OK;
}

// HTTP OTA Update handler — POST /update with raw firmware binary body
static esp_err_t ota_update_handler(httpd_req_t *req) {
    if (check_basic_auth(req) != ESP_OK) return ESP_OK;

    Serial.printf("OTA: Receiving firmware (%d bytes)...\n", req->content_len);

    if (req->content_len <= 0 || req->content_len > 6000000) {
        httpd_resp_send_err(req, HTTPD_400_BAD_REQUEST, "Invalid firmware size");
        return ESP_FAIL;
    }

    // Suspend camera capture to free memory and prevent crashes
    if (captureTaskHandle) {
        vTaskSuspend(captureTaskHandle);
        Serial.println("OTA: Camera capture suspended");
    }

    if (!Update.begin(req->content_len)) {
        Serial.printf("OTA: Update.begin failed: %s\n", Update.errorString());
        if (captureTaskHandle) vTaskResume(captureTaskHandle);
        httpd_resp_send_err(req, HTTPD_500_INTERNAL_SERVER_ERROR, "OTA begin failed");
        return ESP_FAIL;
    }

    // Read and write firmware in chunks
    char buf[4096];
    int remaining = req->content_len;
    int written = 0;

    while (remaining > 0) {
        int recv_len = httpd_req_recv(req, buf, (remaining < sizeof(buf)) ? remaining : sizeof(buf));
        if (recv_len <= 0) {
            if (recv_len == HTTPD_SOCK_ERR_TIMEOUT) continue;
            Serial.println("OTA: Receive error");
            Update.abort();
            if (captureTaskHandle) vTaskResume(captureTaskHandle);
            httpd_resp_send_err(req, HTTPD_500_INTERNAL_SERVER_ERROR, "Receive error");
            return ESP_FAIL;
        }

        if (Update.write((uint8_t*)buf, recv_len) != recv_len) {
            Serial.printf("OTA: Write error: %s\n", Update.errorString());
            Update.abort();
            if (captureTaskHandle) vTaskResume(captureTaskHandle);
            httpd_resp_send_err(req, HTTPD_500_INTERNAL_SERVER_ERROR, "Write error");
            return ESP_FAIL;
        }

        remaining -= recv_len;
        written += recv_len;

        // Progress every 10%
        if (written % (req->content_len / 10 + 1) < recv_len) {
            Serial.printf("OTA: %d%% (%d/%d bytes)\n", written * 100 / req->content_len, written, req->content_len);
            esp_task_wdt_reset();
        }
    }

    if (!Update.end(true)) {
        Serial.printf("OTA: Finalize error: %s\n", Update.errorString());
        if (captureTaskHandle) vTaskResume(captureTaskHandle);
        httpd_resp_send_err(req, HTTPD_500_INTERNAL_SERVER_ERROR, "OTA finalize failed");
        return ESP_FAIL;
    }

    Serial.println("OTA: Update successful! Rebooting...");
    httpd_resp_set_type(req, "application/json");
    httpd_resp_sendstr(req, "{\"ok\":true,\"message\":\"Update successful, rebooting...\"}");

    vTaskDelay(pdMS_TO_TICKS(500));
    ESP.restart();
    return ESP_OK;
}

// --- Handler registration helpers (reduce startCameraServer size) ---

// Helper: register GET + OPTIONS pair for an endpoint
static void registerGetEndpoint(httpd_handle_t server, const char* uri,
                                 esp_err_t (*handler)(httpd_req_t*)) {
    httpd_uri_t get_uri = { .uri = uri, .method = HTTP_GET, .handler = handler, .user_ctx = NULL };
    httpd_uri_t opt_uri = { .uri = uri, .method = HTTP_OPTIONS, .handler = options_handler, .user_ctx = NULL };
    httpd_register_uri_handler(server, &get_uri);
    httpd_register_uri_handler(server, &opt_uri);
}

// Helper: register POST + OPTIONS pair
static void registerPostEndpoint(httpd_handle_t server, const char* uri,
                                  esp_err_t (*handler)(httpd_req_t*)) {
    httpd_uri_t post_uri = { .uri = uri, .method = HTTP_POST, .handler = handler, .user_ctx = NULL };
    httpd_uri_t opt_uri = { .uri = uri, .method = HTTP_OPTIONS, .handler = options_handler, .user_ctx = NULL };
    httpd_register_uri_handler(server, &post_uri);
    httpd_register_uri_handler(server, &opt_uri);
}

// Helper: register GET + POST + OPTIONS triple
static void registerCrudEndpoint(httpd_handle_t server, const char* uri,
                                  esp_err_t (*get_handler)(httpd_req_t*),
                                  esp_err_t (*post_handler)(httpd_req_t*)) {
    httpd_uri_t get_uri = { .uri = uri, .method = HTTP_GET, .handler = get_handler, .user_ctx = NULL };
    httpd_uri_t post_uri = { .uri = uri, .method = HTTP_POST, .handler = post_handler, .user_ctx = NULL };
    httpd_uri_t opt_uri = { .uri = uri, .method = HTTP_OPTIONS, .handler = options_handler, .user_ctx = NULL };
    httpd_register_uri_handler(server, &get_uri);
    httpd_register_uri_handler(server, &post_uri);
    httpd_register_uri_handler(server, &opt_uri);
}

// Helper: register GET + OPTIONS + HEAD triple (for stream endpoints)
static void registerStreamEndpoint(httpd_handle_t server, const char* uri,
                                    esp_err_t (*handler)(httpd_req_t*),
                                    esp_err_t (*head_handler)(httpd_req_t*)) {
    httpd_uri_t get_uri = { .uri = uri, .method = HTTP_GET, .handler = handler, .user_ctx = NULL };
    httpd_uri_t opt_uri = { .uri = uri, .method = HTTP_OPTIONS, .handler = options_handler, .user_ctx = NULL };
    httpd_uri_t head_uri = { .uri = uri, .method = HTTP_HEAD, .handler = head_handler, .user_ctx = NULL };
    httpd_register_uri_handler(server, &get_uri);
    httpd_register_uri_handler(server, &opt_uri);
    httpd_register_uri_handler(server, &head_uri);
}

void startCameraServer() {
    initZoneManager();

    // Restore persisted ROI mask if available
    {
        int gw = motionDetector.getGridW();
        int gh = motionDetector.getGridH();
        int maskLen = gw * gh;
        char* maskBuf = (char*)malloc(maskLen + 1);
        if (maskBuf && loadROIMask(maskBuf, maskLen + 1)) {
            for (int y = 0; y < gh; y++)
                for (int x = 0; x < gw; x++) {
                    int idx = y * gw + x;
                    if (idx < maskLen)
                        motionDetector.setBlockMask(x, y, maskBuf[idx] != '0');
                }
            Serial.println("ROI mask restored from LittleFS");
        }
        free(maskBuf);
    }

    // Initialize SD Card (SPI mode — DFRobot FireBeetle2 DFR1154)
    // CS pin must be HIGH before SPI init (DFRobot example pattern)
    pinMode(SD_CARD_CS, OUTPUT);
    digitalWrite(SD_CARD_CS, HIGH);
    SPI.begin(SD_CARD_SCK, SD_CARD_MISO, SD_CARD_MOSI);
    SPI.setFrequency(1000000);  // 1MHz for reliable init
    if(!SD.begin(SD_CARD_CS, SPI, 4000000)) {
        Serial.println("❌ SD Card Mount Failed at 4MHz, retrying 1MHz...");
        if(!SD.begin(SD_CARD_CS, SPI, 1000000)) {
            Serial.println("❌ SD Card Mount Failed (no card or wiring issue)");
        }
    }
    if(SD.cardType() != CARD_NONE && SD.cardSize() > 0) {
        Serial.printf("✅ SD Card Mounted: %llu MB\n", SD.cardSize() / (1024 * 1024));
    }

    httpd_config_t http_config = HTTPD_DEFAULT_CONFIG();
    http_config.server_port = 80;
    http_config.ctrl_port = 32768;
    http_config.max_open_sockets = 3;         // REDUCED to save sockets (was 7)
    http_config.lru_purge_enable = true;      // Auto-close oldest socket when limit reached
    http_config.stack_size = 20480;           // FIXED: Increased from 16KB to 20KB to prevent stack overflow
    http_config.max_uri_handlers = 70;        // 66 handlers used (20 GET + 6 POST + 4 CRUD + wsLog) + headroom
    http_config.recv_wait_timeout = 2;        // Free stalled connections after 2s (default 5s)
    http_config.send_wait_timeout = 2;        // Free stalled connections after 2s (default 5s)

    httpd_config_t stream_config = HTTPD_DEFAULT_CONFIG();
    stream_config.server_port = 81;
    stream_config.ctrl_port = 32769;
    stream_config.max_open_sockets = 2;       // REDUCED (was 4) - Only 2 active streams allowed
    stream_config.lru_purge_enable = true;
    stream_config.stack_size = 20480;         // FIXED: Increased from 16KB to 20KB to prevent stack overflow
    stream_config.max_uri_handlers = 10;

    httpd_config_t audio_config = HTTPD_DEFAULT_CONFIG();
    audio_config.server_port = 82;
    audio_config.ctrl_port = 32770;
    audio_config.max_open_sockets = 2;        // REDUCED (was 4)
    audio_config.lru_purge_enable = true;
    audio_config.stack_size = 8192;           // Audio handler is simpler
    audio_config.max_uri_handlers = 5;

    Serial.println("🔧 Configuring HTTP servers...");

    // Initialize UDP Mutex
    if (udp_mutex == NULL) {
        udp_mutex = xSemaphoreCreateMutex();
        if (udp_mutex == NULL) {
             Serial.println("❌ Failed to create UDP mutex!");
        } else {
             Serial.println("✅ UDP mutex created");
        }
    }

    // Initialize recording mutex
    if (recordingMutex == NULL) {
        recordingMutex = xSemaphoreCreateMutex();
        if (recordingMutex == NULL) {
            Serial.println("❌ Failed to create recording mutex!");
        } else {
            Serial.println("✅ Recording mutex created");
        }
    }

    // FIXED: Initialize settings mutex (thread-safe) - NO configASSERT to avoid restart!
    if (settings_mutex == NULL) {
        settings_mutex = xSemaphoreCreateMutex();
        if (settings_mutex == NULL) {
            Serial.println("❌ Failed to create settings mutex!");
            // Don't restart - better to continue without mutex than restart loop
        } else {
            Serial.println("✅ Settings mutex created");
        }
    }

    Serial.println("Starting camera web server (Port 80)...");

    if (httpd_start(&camera_httpd, &http_config) == ESP_OK) {
        // --- Core endpoints ---
        registerGetEndpoint(camera_httpd, "/", index_handler);
        registerGetEndpoint(camera_httpd, "/frame", frame_handler);
        registerGetEndpoint(camera_httpd, "/status", status_handler);
        registerGetEndpoint(camera_httpd, "/health", health_handler);
        registerGetEndpoint(camera_httpd, "/events", events_handler);
        registerCrudEndpoint(camera_httpd, "/zones", zones_get_handler, zones_post_handler);
        registerGetEndpoint(camera_httpd, "/psram-stats", psram_stats_handler);
        registerGetEndpoint(camera_httpd, "/stream-stats", stream_stats_handler);
        registerGetEndpoint(camera_httpd, "/motion-status", motion_status_handler);

        // Telemetry & debug
        registerGetEndpoint(camera_httpd, "/reg-debug", reg_debug_handler);
        registerGetEndpoint(camera_httpd, "/telemetry", telemetry_handler);

        // --- Settings ---
        registerGetEndpoint(camera_httpd, "/settings-page", settings_page_handler);
        registerCrudEndpoint(camera_httpd, "/settings", settings_get_handler, settings_post_handler);

        // --- IR control ---
        registerGetEndpoint(camera_httpd, "/ir-status", ir_status_handler);
        registerPostEndpoint(camera_httpd, "/ir-control", ir_control_handler);

        // --- Audio ---
        registerGetEndpoint(camera_httpd, "/audio-status", audio_status_handler);

        // --- Credentials & OTA ---
        registerCrudEndpoint(camera_httpd, "/credentials", credentials_get_handler, credentials_post_handler);
        registerGetEndpoint(camera_httpd, "/update", ota_page_handler);
        registerPostEndpoint(camera_httpd, "/update", ota_update_handler);

        // --- Record ---
        registerPostEndpoint(camera_httpd, "/record", record_handler);

        // --- Captive portal (AP mode) ---
        registerGetEndpoint(camera_httpd, "/setup", captive_portal_handler);
        registerGetEndpoint(camera_httpd, "/wifi-scan", wifi_scan_handler);
        registerPostEndpoint(camera_httpd, "/wifi-save", wifi_save_handler);

        // Captive portal redirects
        registerGetEndpoint(camera_httpd, "/generate_204", captive_redirect_handler);
        registerGetEndpoint(camera_httpd, "/hotspot-detect.html", captive_redirect_handler);

        // --- Media & SD endpoints ---
        registerPostEndpoint(camera_httpd, "/save_frame", save_frame_handler);
        registerCrudEndpoint(camera_httpd, "/roi-mask", roi_mask_get_handler, roi_mask_post_handler);
        registerGetEndpoint(camera_httpd, "/motion-debug", motion_debug_handler);

        // SD card management
        registerGetEndpoint(camera_httpd, "/sd-list", sd_list_handler);
        registerGetEndpoint(camera_httpd, "/sd-download", sd_download_handler);
        registerPostEndpoint(camera_httpd, "/sd-clear", sd_clear_handler);

        // Live log endpoints
        wsLogRegisterHandlers(camera_httpd);

        // SD debug logger
        sdLogInit(camera_httpd);

        Serial.println("All HTTP handlers registered");

    // Start Stream Server (Port 81)
    Serial.println("Starting stream server (Port 81)...");
    if (httpd_start(&stream_httpd, &stream_config) == ESP_OK) {
        registerStreamEndpoint(stream_httpd, "/stream", stream_handler, stream_head_handler);
        registerStreamEndpoint(stream_httpd, "/detection-stream", detection_stream_handler, stream_head_handler);

        Serial.println("✅ Stream server started successfully");
    } else {
        Serial.println("❌ Failed to start stream server");
    }

#ifdef INCLUDE_AUDIO
    // Start Audio Server (Port 82)
    Serial.println("Starting audio server (Port 82)...");
    if (httpd_start(&audio_httpd, &audio_config) == ESP_OK) {
        registerGetEndpoint(audio_httpd, "/audio.wav", audioStreamHandler);
    }
#endif

#ifndef LITE_MODE_NO_RUNTIME_TASKS
    // Start RTSP Server
    Serial.println("Starting RTSP server...");
    if (rtspServer.init()) {
        Serial.printf("✅ RTSP server started at rtsp://%s:554/mjpeg/1\n", WiFi.localIP().toString().c_str());
    } else {
        Serial.println("❌ Failed to start RTSP server");
    }
#else
    Serial.println("⚡ LITE_MODE: RTSP (~16KB) skipped");
#endif

    // Start Central Camera Capture Task (feeds both RTSP and MJPEG)
    Serial.println("Starting Camera Capture Task...");
    startCameraCaptureTask();

        Serial.println("Camera web server started successfully");

#ifndef LITE_MODE_NO_RUNTIME_TASKS
        // Start Recording Task (AVI with audio — needs extra stack for PCM buffer)
        xTaskCreatePinnedToCore(
            recordingTask,     // Task function
            "Recording",       // Task name
            6144,              // Stack size (3.2KB audio buffer on stack)
            NULL,              // Parameters
            1,                 // Priority (Low)
            NULL,              // Task handle
            1                  // Core 1 (same as capture to avoid cache thrashing?) or 0
        );
        Serial.println("✅ Recording task queued");
#else
        Serial.println("⚡ LITE_MODE: recording task skipped (~6KB stack)");
#endif
    } else {
        Serial.println("Failed to start camera web server");
    }
}
